Workbook

Sheet mainfort-data-collapsed
A1: site_name | B1: Parkin_Punctated | C1: Barton/Kent/MPI | D1: ranch_inc | E1: painted | F1: rhodes_inc | G1: walls_eng | H1: vernon_pal | I1: fortune_nd
A2: Porter | B2: 137 | C2: 14 | D2: 1 | E2: 91 | F2: 0 | G2: 4 | H2: 1 | I2: 7
A3: 40LA007 | B3: 43 | C3: 4 | D3: 0 | E3: 39 | F3: 0 | G3: 0 | H3: 0 | I3: 0
A4: Hatchie | B4: 64 | C4: 10 | D4: 4 | E4: 10 | F4: 0 | G4: 0 | H4: 1 | I4: 1
A5: Bishop | B5: 18 | C5: 3 | D5: 0 | E5: 10 | F5: 2 | G5: 1 | H5: 0 | I5: 0
A6: Richardsons_Landing | B6: 16 | C6: 13 | D6: 1 | E6: 27 | F6: 1 | G6: 3 | H6: 0 | I6: 0
A7: Wilder | B7: 68 | C7: 19 | D7: 6 | E7: 30 | F7: 2 | G7: 3 | H7: 0 | I7: 0
A8: 40TP026 | B8: 6 | C8: 3 | D8: 4 | E8: 20 | F8: 0 | G8: 0 | H8: 0 | I8: 0
A9: Jones_Bayou | B9: 174 | C9: 3 | D9: 2 | E9: 159 | F9: 0 | G9: 2 | H9: 2 | I9: 0
A10: Fullen | B10: 66 | C10: 11 | D10: 0 | E10: 76 | F10: 0 | G10: 2 | H10: 0 | I10: 0
A11: Jeter | B11: 70 | C11: 10 | D11: 1 | E11: 12 | F11: 1 | G11: 4 | H11: 0 | I11: 1
A12: Rast | B12: 122 | C12: 4 | D12: 2 | E12: 14 | F12: 3 | G12: 6 | H12: 0 | I12: 2
A13: Norfolk | B13: 36 | C13: 14 | D13: 6 | E13: 0 | F13: 1 | G13: 5 | H13: 0 | I13: 0
... A55: Belle_Meade | B55: 1522 | C55: 676 | D55: 36 | E55: 116 | F55: 17 | G55: 25 | H55: 2 | I55: 6

Sheet cpl-pfg
A1: Assemblages | B1: Parkin_Punctated | C1: Barton/Kent/MPI | D1: Painted | E1: Fortune_Noded | F1: Ranch_Incised | G1: Walls_Engraved | H1: Wallace_Incised | I1: Rhodes_Incised | J1: Vernon_Paul_Applique | K1: Hull_Engraved
A2: 10-P-1 | B2: 39 | C2: 62 | D2: 46 | E2: 0 | F2: 0 | G2: 0 | H2: 0 | I2: 0 | J2: 0 | K2: 6
A3: 11-N-9 | B3: 528 | C3: 198 | D3: 13 | E3: 0 | F3: 19 | G3: 0 | H3: 0 | I3: 0 | J3: 0 | K3: 0
A4: 11-N-1 | B4: 865 | C4: 323 | D4: 59 | E4: 17 | F4: 35 | G4: 0 | H4: 0 | I4: 0 | J4: 4 | K4: 0
A5: 11-O-10 | B5: 404 | C5: 208 | D5: 6 | E5: 16 | F5: 4 | G5: 0 | H5: 0 | I5: 0 | J5: 0 | K5: 0
A6: 11-N-4 | B6: 764 | C6: 470 | D6: 18 | E6: 5 | F6: 9 | G6: 0 | H6: 0 | I6: 0 | J6: 0 | K6: 0
A7: 13-N-5 | B7: 35 | C7: 11 | D7: 33 | E7: 0 | F7: 0 | G7: 0 | H7: 0 | I7: 0 | J7: 0 | K7: 0
A8: 13-N-4 | B8: 71 | C8: 67 | D8: 96 | E8: 0 | F8: 3 | G8: 4 | H8: 0 | I8: 0 | J8: 0 | K8: 0
A9: 13-N-16 | B9: 42 | C9: 56 | D9: 69 | E9: 0 | F9: 1 | G9: 3 | H9: 0 | I9: 0 | J9: 0 | K9: 0
A10: 13-O-11 | B10: 35 | C10: 65 | D10: 24 | E10: 0 | F10: 0 | G10: 2 | H10: 0 | I10: 1 | J10: 0 | K10: 1
A11: 13-O-10 | B11: 61 | C11: 74 | D11: 79 | E11: 0 | F11: 2 | G11: 8 | H11: 0 | I11: 2 | J11: 0 | K11: 0
A12: 13-P-1 | B12: 244 | C12: 40 | D12: 18 | E12: 1 | F12: 16 | G12: 21 | H12: 0 | I12: 14 | J12: 0 | K12: 6
A13: 13-P-8 | B13: 83 | C13: 25 | D13: 43 | E13: 0 | F13: 18 | G13: 17 | H13: 0 | I13: 3 | J13: 0 | K13: 3
... A21: 12-N-3 | B21: 549 | C21: 328 | D21: 77 | E21: 19 | F21: 4 | G21: 0 | H21: 3 | I21: 1 | J21: 2 | K21: 0

Sheet pfg-cpl-mainfort
A1: Assemblages | B1: Parkin_Punctated | C1: Barton/Kent/MPI | D1: Painted | E1: Fortune_Noded | F1: Ranch_Incised | G1: Walls_Engraved | H1: Wallace_Incised | I1: Rhodes_Incised | J1: Vernon_Paul_Applique | K1: Hull_Engraved
A2: 40LA007 | B2: 43 | C2: 4 | D2: 39 | E2: 0 | F2: 0 | G2: 0 | H2: 0 | I2: 0 | J2: 0 | K2: 0
A3: 40TP026 | B3: 6 | C3: 3 | D3: 20 | E3: 0 | F3: 4 | G3: 0 | H3: 0 | I3: 0 | J3: 0 | K3: 0
A4: Barton_Ranch | B4: 1194 | C4: 415 | D4: 12 | E4: 32 | F4: 8 | G4: 0 | H4: 0 | I4: 0 | J4: 0 | K4: 0
A5: Beck | B5: 1052 | C5: 684 | D5: 168 | E5: 10 | F5: 27 | G5: 28 | H5: 12 | I5: 16 | J5: 8 | K5: 1
A6: Belle_Meade | B6: 2445 | C6: 1313 | D6: 158 | E6: 18 | F6: 69 | G6: 52 | H6: 15 | I6: 30 | J6: 7 | K6: 2
A7: Big_Eddy | B7: 96 | C7: 76 | D7: 100 | E7: 1 | F7: 0 | G7: 0 | H7: 0 | I7: 1 | J7: 0 | K7: 0
A8: Bishop | B8: 18 | C8: 3 | D8: 10 | E8: 0 | F8: 0 | G8: 1 | H8: 0 | I8: 2 | J8: 0 | K8: 0
A9: Carson_Lake | B9: 117 | C9: 117 | D9: 83 | E9: 0 | F9: 9 | G9: 0 | H9: 0 | I9: 0 | J9: 0 | K9: 6
A10: Castile_Landing | B10: 962 | C10: 113 | D10: 175 | E10: 7 | F10: 7 | G10: 0 | H10: 1 | I10: 8 | J10: 2 | K10: 0
A11: Cheatham | B11: 44 | C11: 7 | D11: 3 | E11: 0 | F11: 4 | G11: 1 | H11: 0 | I11: 4 | J11: 0 | K11: 0
A12: Chuccalissa | B12: 1740 | C12: 104 | D12: 60 | E12: 22 | F12: 49 | G12: 48 | H12: 0 | I12: 12 | J12: 0 | K12: 0
A13: Clay_Hill | B13: 380 | C13: 125 | D13: 166 | E13: 0 | F13: 0 | G13: 4 | H13: 0 | I13: 2 | J13: 0 | K13: 0
... A56: Young | B56: 416 | C56: 109 | D56: 12 | E56: 1 | F56: 23 | G56: 8 | H56: 0 | I56: 0 | J56: 0 | K56: 0

Sheet PFG
A1: Site Number | B1: Site Name | C1: State | D1: AMASDA # | E1: County | F1: Quad | G1: T/R/S | H1: UTM North | I1: UTM E | J1: Zone | K1: Location | L1: PFG Type | M1: Collector | N1: PFG Collection Date | O1: Record Type | P1: Bluff Creek Punctate | Q1: Tchefuncte Plain | R1: Tchefuncte Incised | S1: Tchefuncte Stamped | T1: Jaketown Simple Stamped | U1: Tammy Pinched | V1: Lake Borgne Incised | W1: Thomas Plain | X1: Bowie Plain | Y1: Blue Lake Cordmarked | Z1: Twin Lakes Fabric Impressed | AA1: Cormorant Cord-impressed | AB1: Twin Lakes Punctated | AC1: Crowder Punctated | AD1: Baytown Plain | AE1: Mulberry Creek Cord-marked | AF1: Wheeler Check Stamped | AG1: Withers Fabric-impressed | AH1: Indian Bay Stamped | AI1: Oxbow Incised | AJ1: Evansville Punctated | AK1: Yates Net Impressed | AL1: Marksville Stamped | AM1: Marksville Incised | AN1: Troyville Stamped | AO1: Churupa I ncised | AP1: Coles Creek Incised | AQ1: Mazique Incised | AR1: French Fork Incised | AS1: Woodville Red Filmed | AT1: Chevalier Stamped | AU1: L'Eau Noire Incised | AV1: Larto Red Filmed | AW1: Unclass C.T. Inc. & Punct. | AX1: Neeley's Ferry Plain | AY1: Parkin Punctated | AZ1: Parkin Incised | BA1: Ranch Incised | BB1: Vernon Paul Applique | BC1: Fortune Noded | BD1: Manly Punctated (T) | BE1: Tyronza Punctated (T) | BF1: Bell Plain | BG1: Kent Incised | BH1: Rhodes Incised | BI1: Walls Engraved | BJ1: Hull Engraved | BK1: Mound Place Incised (T) | BL1: Old Town Red | BM1: Carson Red-on-Buff | BN1: Nodena Red and White | BO1: Avenue Polychrome | BP1: Hollywood White Slipped | BQ1: Spendthrift Negative Painted | BR1: Wallace Incised | BS1: Owens Punctated (T) | BT1: Leland Incised | BU1: Blanchard Incised (T) | BV1: Arcola Incised (T) | BW1: Unclassified St. Inc and Punct. | BX1: Unclassified | BY1: Shell Tempered C.M. | BZ1: Sherd Total | CA1: Period (From PFG Seriations) | CB1: PFG Notes | CC1: Percent Decorated | CD1: Number of Plain Sherds | CE1: Number of Shell Tempered Sherds | CF1: Number of Decorated Shell Tempered Sherds | CG1: Percentage of Shell Tempered Decroated Ceramics | CH1: Area
A2: 10-P-1 | B2: Carson Lake | C2: AR | D2: 3MS0013 | E2: Mississippi | F2: 986 | G2: 11N/10E/ 5 | H2: 3943300 | I2: 767520 | J2: 15 | L2: Slightly elevated village site - no mounds | M2: Phillips | N2: 14723 | O2: map | T2: 0 | U2: 0 | V2: 0 | W2: 0 | Y2: 0 | Z2: 0 | AA2: 0 | AC2: 0 | AD2: 16 | AE2: 10 | AF2: 0 | AG2: 2 | AH2: 0 | AJ2: 0 | AL2: 0 | AM2: 0 | AN2: 0 | AP2: 0 | AQ2: 0 | AR2: 0 | AS2: 0 | AT2: 0 | AV2: 0 | AW2: 0 | AX2: 2753 | AY2: 39 | AZ2: 57 | BA2: 0 | BB2: 0 | BC2: 0 | BD2: 0 | BE2: 0 | BF2: 577 | BG2: 4 | BH2: 0 | BI2: 0 | BJ2: 6 | BK2: 1 | BL2: 22 | BM2: 0 | BN2: 0 | BO2: 24 | BR2: 0 | BS2: 6 | BT2: 0 | BV2: 0 | BZ2: =SUM(T2:BY2) -> 3517 | CA2: B | CB2: Part of this is quite late | CC2: =SUM(BG2:BV2,AE2:AW2,AY2:BE2,T2:AC2)/BZ2 -> 0.048620984 | CD2: =BZ2-SUM(BF2,AX2,AW2,AD2,W2) -> 171 | CE2: =SUM(AX2:BV2) -> 3489 | CF2: =SUM(BG2:BV2,AY2:BE2) -> 159 | CG2: =CF2/CE2 -> 0.045571797 | CH2: Memphis
A3: 10-P-2 | B3: Bell | C3: AR | D3: 3MS0008 | E3: Mississip | F3: 986 | G3: 11N/09/34 | H3: 3935520 | I3: 761580 | J3: 15 | L3: Famous burial site- village site indications not conspicuous | M3: Phillips | N3: 14724 | O3: map | T3: 0 | U3: 0 | V3: 0 | W3: 0 | Y3: 0 | Z3: 0 | AA3: 0 | AC3: 0 | AD3: 1 | AE3: 0 | AF3: 0 | AG3: 0 | AH3: 0 | AJ3: 0 | AL3: 0 | AM3: 0 | AN3: 0 | AP3: 0 | AQ3: 0 | AR3: 0 | AS3: 0 | AT3: 0 | AV3: 0 | AW3: 0 | AX3: 211 | AY3: 0 | AZ3: 6 | BA3: 0 | BB3: 0 | BC3: 0 | BD3: 1 | BE3: 0 | BF3: 117 | BG3: 2 | BH3: 0 | BI3: 0 | BJ3: 0 | BK3: 0 | BL3: 5 | BM3: 0 | BN3: 0 | BO3: 0 | BR3: 0 | BS3: 0 | BT3: 0 | BV3: 0 | BZ3: =SUM(T3:BY3) -> 343 | CA3: A | CC3: =SUM(BG3:BV3,AE3:AW3,AY3:BE3,T3:AC3)/BZ3 -> 0.040816327 | CD3: =BZ3-SUM(BF3,AX3,AW3,AD3,W3) -> 14 | CE3: =SUM(AX3:BV3) -> 342 | CF3: =SUM(BG3:BV3,AY3:BE3) -> 14 | CG3: =CF3/CE3 -> 0.040935673 | CH3: Memphis
A4: 10-P-3 | B4: Nettle Ridge | C4: AR | D4: 3MS00014 | E4: Mississip | F4: 229 | G4: 10N/09E/4 | H4: 3934120 | I4: 760410 | J4: 15 | L4: Large village site - no mounds | M4: Phillips | N4: 14723 | O4: map | T4: 0 | U4: 0 | V4: 0 | W4: 0 | Y4: 0 | Z4: 0 | AA4: 0 | AC4: 0 | AD4: 49 | AE4: 97 | AF4: 22 | AG4: 2 | AH4: 0 | AJ4: 0 | AL4: 0 | AM4: 0 | AN4: 0 | AP4: 0 | AQ4: 0 | AR4: 0 | AS4: 0 | AT4: 0 | AV4: 0 | AW4: 0 | AX4: 155 | AY4: 9 | AZ4: 1 | BA4: 0 | BB4: 0 | BC4: 1 | BD4: 0 | BE4: 0 | BF4: 137 | BG4: 0 | BH4: 0 | BI4: 0 | BJ4: 0 | BK4: 0 | BL4: 0 | BM4: 0 | BN4: 0 | BO4: 0 | BR4: 0 | BS4: 0 | BT4: 0 | BV4: 0 | BZ4: =SUM(T4:BY4) -> 473 | CA4: E-A | CB4: What is wrong with this? An interrupted occupation? | CC4: =SUM(BG4:BV4,AE4:AW4,AY4:BE4,T4:AC4)/BZ4 -> 0.27906977 | CD4: =BZ4-SUM(BF4,AX4,AW4,AD4,W4) -> 132 | CE4: =SUM(AX4:BV4) -> 303 | CF4: =SUM(BG4:BV4,AY4:BE4) -> 11 | CG4: =CF4/CE4 -> 0.03630363 | CH4: Memphis
A5: 10-P-4 | B5: Notgrass | C5: AR | D5: 3MS0015 | E5: Mississippi | F5: 986 | G5: 11N/09E/26 | H5: 3936400 | I5: 762620 | J5: 15 | L5: Large village site - no mounds | M5: Phillips | N5: 14724 | T5: 0 | U5: 0 | V5: 0 | W5: 0 | Y5: 0 | Z5: 0 | AA5: 0 | AC5: 0 | AD5: 14 | AE5: 7 | AF5: 0 | AG5: 2 | AH5: 0 | AJ5: 0 | AL5: 0 | AM5: 0 | AN5: 0 | AP5: 0 | AQ5: 0 | AR5: 0 | AS5: 0 | AT5: 0 | AV5: 0 | AW5: 0 | AX5: 2580 | AY5: 10 | AZ5: 6 | BA5: 2 | BB5: 0 | BC5: 3 | BD5: 2 | BE5: 0 | BF5: 552 | BG5: 4 | BH5: 0 | BI5: 3 | BJ5: 0 | BK5: 0 | BL5: 6 | BM5: 9 | BN5: 0 | BO5: 4 | BR5: 0 | BS5: 1 | BT5: 0 | BV5: 0 | BZ5: =SUM(T5:BY5) -> 3205 | CA5: B | CC5: =SUM(BG5:BV5,AE5:AW5,AY5:BE5,T5:AC5)/BZ5 -> 0.018408736 | CD5: =BZ5-SUM(BF5,AX5,AW5,AD5,W5) -> 59 | CE5: =SUM(AX5:BV5) -> 3182 | CF5: =SUM(BG5:BV5,AY5:BE5) -> 50 | CG5: =CF5/CE5 -> 0.015713388 | CH5: Memphis
A6: 10-Q-1 | B6: Upper Nodena | C6: AR | D6: 3MS0004 | E6: Mississippi | F6: 556 | G6: 11N/10E/1 | H6: 3943700 | I6: 773800 | J6: 15 | L6: Small mound, large village site and cemetery | M6: Phillips | N6: 14722 | O6: map | T6: 0 | U6: 0 | V6: 0 | W6: 0 | Y6: 0 | Z6: 0 | AA6: 0 | AC6: 0 | AD6: 8 | AE6: 0 | AF6: 0 | AG6: 0 | AH6: 0 | AJ6: 0 | AL6: 0 | AM6: 0 | AN6: 0 | AP6: 0 | AQ6: 0 | AR6: 0 | AS6: 0 | AT6: 0 | AV6: 0 | AW6: 1 | AX6: 1299 | AY6: 5 | AZ6: 3 | BA6: 3 | BB6: 1 | BC6: 0 | BD6: 0 | BE6: 0 | BF6: 1675 | BG6: 2 | BH6: 1 | BI6: 3 | BJ6: 0 | BK6: 0 | BL6: 25 | BM6: 0 | BN6: 0 | BO6: 4 | BR6: 0 | BS6: 0 | BT6: 0 | BV6: 0 | BZ6: =SUM(T6:BY6) -> 3030 | CA6: A | CC6: =SUM(BG6:BV6,AE6:AW6,AY6:BE6,T6:AC6)/BZ6 -> 0.015841584 | CD6: =BZ6-SUM(BF6,AX6,AW6,AD6,W6) -> 47 | CE6: =SUM(AX6:BV6) -> 3021 | CF6: =SUM(BG6:BV6,AY6:BE6) -> 47 | CG6: =CF6/CE6 -> 0.015557762 | CH6: Memphis
A7: 10-Q-3 | B7: Turnage | C7: AR | D7: 3MS0017 | E7: Mississippi | F7: 556 | G7: 11N/10E/13 | H7: 3940400 | I7: 773550 | J7: 15 | L7: Small mound and village site | M7: Phillips | N7: 14723 | O7: map | T7: 0 | U7: 0 | V7: 0 | W7: 26 | Y7: 12 | Z7: 45 | AA7: 1 | AC7: 0 | AD7: 45 | AE7: 56 | AF7: 5 | AG7: 46 | AH7: 0 | AJ7: 0 | AL7: 0 | AM7: 0 | AN7: 0 | AP7: 0 | AQ7: 0 | AR7: 0 | AS7: 0 | AT7: 0 | AV7: 0 | AW7: 0 | AX7: 58 | AY7: 0 | AZ7: 1 | BA7: 0 | BB7: 0 | BC7: 0 | BD7: 0 | BE7: 0 | BF7: 115 | BG7: 0 | BH7: 0 | BI7: 0 | BJ7: 0 | BK7: 0 | BL7: 1 | BM7: 0 | BN7: 0 | BO7: 0 | BR7: 0 | BS7: 0 | BT7: 0 | BV7: 0 | BZ7: =SUM(T7:BY7) -> 411 | CA7: E-A | CB7: What is wrong with this? An interrupted occupation? | CC7: =SUM(BG7:BV7,AE7:AW7,AY7:BE7,T7:AC7)/BZ7 -> 0.46958637 | CD7: =BZ7-SUM(BF7,AX7,AW7,AD7,W7) -> 167 | CE7: =SUM(AX7:BV7) -> 175 | CF7: =SUM(BG7:BV7,AY7:BE7) -> 2 | CG7: =CF7/CE7 -> 0.011428571 | CH7: Memphis
A8: 11-N-1 | B8: Parkin | C8: AR | D8: 3CS0029 | E8: Cross | F8: 472 | G8: 08N/05E/34 | H8: 3906400 | I8: 722250 | J8: 15 | T8: 0 | U8: 0 | V8: 0 | W8: 0 | Y8: 0 | Z8: 0 | AA8: 0 | AC8: 0 | AD8: 8 | AE8: 4 | AF8: 0 | AG8: 0 | AH8: 0 | AJ8: 0 | AL8: 0 | AM8: 0 | AN8: 0 | AP8: 0 | AQ8: 0 | AR8: 0 | AS8: 0 | AT8: 0 | AV8: 0 | AW8: 0 | AX8: 5468 | AY8: 865 | AZ8: 311 | BA8: 35 | BB8: 4 | BC8: 17 | BD8: 0 | BE8: 0 | BF8: 80 | BG8: 12 | BH8: 0 | BI8: 0 | BJ8: 0 | BK8: 0 | BL8: 53 | BM8: 0 | BN8: 0 | BO8: 6 | BR8: 0 | BS8: 0 | BT8: 0 | BV8: 0 | BZ8: =SUM(T8:BY8) -> 6863 | CA8: A | CC8: =SUM(BG8:BV8,AE8:AW8,AY8:BE8,T8:AC8)/BZ8 -> 0.1904415 | CD8: =BZ8-SUM(BF8,AX8,AW8,AD8,W8) -> 1307 | CE8: =SUM(AX8:BV8) -> 6851 | CF8: =SUM(BG8:BV8,AY8:BE8) -> 1303 | CG8: =CF8/CE8 -> 0.19019121 | CH8: St. Francis
A9: 11-N-10 | B9: Cross Country Club | C9: AR | D9: 3CS0068 | E9: Cross | F9: 405 | G9: 7N/04E/4 | H9: 3904500 | I9: 710900 | J9: 15 | L9: Small mound and village site | M9: Griffin, Phillips, Ford | N9: 14705 | T9: 0 | U9: 0 | V9: 0 | W9: 0 | Y9: 0 | Z9: 0 | AA9: 0 | AC9: 0 | AD9: 145 | AE9: 11 | AF9: 0 | AG9: 0 | AH9: 0 | AJ9: 0 | AL9: 0 | AM9: 0 | AN9: 0 | AP9: 0 | AQ9: 1 | AR9: 0 | AS9: 0 | AT9: 0 | AV9: 0 | AW9: 0 | AX9: 52 | AY9: 2 | AZ9: 0 | BA9: 0 | BB9: 0 | BC9: 0 | BD9: 0 | BE9: 0 | BF9: 0 | BG9: 0 | BH9: 0 | BI9: 0 | BJ9: 0 | BK9: 0 | BL9: 0 | BM9: 0 | BN9: 0 | BO9: 0 | BR9: 0 | BS9: 0 | BT9: 0 | BV9: 0 | BZ9: =SUM(T9:BY9) -> 211 | CA9: C | CC9: =SUM(BG9:BV9,AE9:AW9,AY9:BE9,T9:AC9)/BZ9 -> 0.066350711 | CD9: =BZ9-SUM(BF9,AX9,AW9,AD9,W9) -> 14 | CE9: =SUM(AX9:BV9) -> 54 | CF9: =SUM(BG9:BV9,AY9:BE9) -> 2 | CG9: =CF9/CE9 -> 0.037037037 | CH9: St. Francis
A10: 11-N-11 | B10: Delta | C10: AR | D10: 3CS0069 | E10: Cross | F10: 472 | G10: 08N/05E/17 | H10: 3910400 | I10: 719500 | J10: 15 | L10: Conical and rounded mounds | M10: Phillips, Ford | N10: 14710 | O10: map | T10: 0 | U10: 0 | V10: 0 | W10: 0 | Y10: 0 | Z10: 0 | AA10: 0 | AC10: 0 | AD10: 175 | AE10: 27 | AF10: 0 | AG10: 0 | AH10: 0 | AJ10: 0 | AL10: 0 | AM10: 0 | AN10: 0 | AP10: 0 | AQ10: 0 | AR10: 0 | AS10: 0 | AT10: 0 | AV10: 0 | AW10: 1 | AX10: 87 | AY10: 0 | AZ10: 1 | BA10: 0 | BB10: 0 | BC10: 0 | BD10: 0 | BE10: 0 | BF10: 0 | BG10: 0 | BH10: 0 | BI10: 0 | BJ10: 0 | BK10: 0 | BL10: 1 | BM10: 0 | BN10: 0 | BO10: 0 | BR10: 0 | BS10: 0 | BT10: 0 | BV10: 0 | BZ10: =SUM(T10:BY10) -> 292 | CA10: C | CC10: =SUM(BG10:BV10,AE10:AW10,AY10:BE10,T10:AC10)/BZ10 -> 0.10273973 | CD10: =BZ10-SUM(BF10,AX10,AW10,AD10,W10) -> 29 | CE10: =SUM(AX10:BV10) -> 89 | CF10: =SUM(BG10:BV10,AY10:BE10) -> 2 | CG10: =CF10/CE10 -> 0.02247191 | CH10: St. Francis
A11: 11-N-12 | B11: Turnbow | C11: AR | D11: 3CS0061 | E11: Cross | F11: 494 | G11: 09N/05E/2 | H11: 3924500 | I11: 724720 | J11: 15 | L11: Mound group, plaza arrangement | M11: Phillips, Ford | N11: 14710 | T11: 0 | U11: 0 | V11: 0 | W11: 0 | Y11: 0 | Z11: 0 | AA11: 0 | AC11: 0 | AD11: 1 | AE11: 0 | AF11: 0 | AG11: 0 | AH11: 0 | AJ11: 0 | AL11: 0 | AM11: 0 | AN11: 0 | AP11: 0 | AQ11: 0 | AR11: 0 | AS11: 0 | AT11: 0 | AV11: 1 | AW11: 0 | AX11: 2913 | AY11: 20 | AZ11: 87 | BA11: 1 | BB11: 0 | BC11: 7 | BD11: 0 | BE11: 0 | BF11: 10 | BG11: 0 | BH11: 0 | BI11: 0 | BJ11: 0 | BK11: 0 | BL11: 12 | BM11: 0 | BN11: 0 | BO11: 1 | BR11: 0 | BS11: 1 | BT11: 0 | BV11: 0 | BZ11: =SUM(T11:BY11) -> 3054 | CA11: B | CC11: =SUM(BG11:BV11,AE11:AW11,AY11:BE11,T11:AC11)/BZ11 -> 0.042567125 | CD11: =BZ11-SUM(BF11,AX11,AW11,AD11,W11) -> 130 | CE11: =SUM(AX11:BV11) -> 3052 | CF11: =SUM(BG11:BV11,AY11:BE11) -> 129 | CG11: =CF11/CE11 -> 0.042267366 | CH11: St. Francis
A12: 11-N-13 | B12: Williamson | C12: AR | D12: 3CS0026 | E12: Cross | F12: 472 | G12: 08N/05E/20 | H12: 3909500 | I12: 719950 | J12: 15 | L12: St. Francis type with mounds in plaza arrangement | M12: Phillips, Ford | N12: 14710 | O12: map | T12: 0 | U12: 0 | V12: 0 | W12: 0 | Y12: 0 | Z12: 0 | AA12: 0 | AC12: 0 | AD12: 6 | AE12: 0 | AF12: 0 | AG12: 0 | AH12: 0 | AJ12: 0 | AL12: 0 | AM12: 0 | AN12: 0 | AP12: 0 | AQ12: 0 | AR12: 0 | AS12: 0 | AT12: 0 | AV12: 0 | AW12: 0 | AX12: 4237 | AY12: 425 | AZ12: 212 | BA12: 0 | BB12: 1 | BC12: 17 | BD12: 0 | BE12: 0 | BF12: 12 | BG12: 2 | BH12: 0 | BI12: 0 | BJ12: 0 | BK12: 0 | BL12: 1 | BM12: 12 | BN12: 0 | BO12: 0 | BR12: 0 | BS12: 0 | BT12: 0 | BV12: 0 | BZ12: =SUM(T12:BY12) -> 4925 | CA12: B | CC12: =SUM(BG12:BV12,AE12:AW12,AY12:BE12,T12:AC12)/BZ12 -> 0.13604061 | CD12: =BZ12-SUM(BF12,AX12,AW12,AD12,W12) -> 670 | CE12: =SUM(AX12:BV12) -> 4919 | CF12: =SUM(BG12:BV12,AY12:BE12) -> 670 | CG12: =CF12/CE12 -> 0.13620655 | CH12: St. Francis
A13: 11-N-14 | B13: Twist Plantation No. 1 | C13: AR | D13: 3CS0070 | E13: Cross | F13: 494 | G13: 09N/05E/22 | H13: 3918950 | I13: 723125 | J13: 15 | L13: Small village site - no mounds | M13: Griffin, Phillips | N13: 14717 | T13: 0 | U13: 0 | V13: 0 | W13: 0 | Y13: 0 | Z13: 0 | AA13: 0 | AC13: 0 | AD13: 47 | AE13: 3 | AF13: 0 | AG13: 0 | AH13: 0 | AJ13: 0 | AL13: 0 | AM13: 0 | AN13: 0 | AP13: 0 | AQ13: 0 | AR13: 0 | AS13: 0 | AT13: 0 | AV13: 0 | AW13: 0 | AX13: 7 | AY13: 0 | AZ13: 0 | BA13: 0 | BB13: 0 | BC13: 0 | BD13: 0 | BE13: 0 | BF13: 0 | BG13: 0 | BH13: 0 | BI13: 0 | BJ13: 0 | BK13: 0 | BL13: 0 | BM13: 0 | BN13: 0 | BO13: 0 | BR13: 0 | BS13: 0 | BT13: 0 | BV13: 0 | BZ13: =SUM(T13:BY13) -> 57 | CA13: ?? | CC13: =SUM(BG13:BV13,AE13:AW13,AY13:BE13,T13:AC13)/BZ13 -> 0.052631579 | CD13: =BZ13-SUM(BF13,AX13,AW13,AD13,W13) -> 3 | CE13: =SUM(AX13:BV13) -> 7 | CF13: =SUM(BG13:BV13,AY13:BE13) -> 0 | CG13: =CF13/CE13 -> 0 | CH13: St. Francis
A14: 11-N-15 | B14: Fortune | C14: AR | D14: 3CS0071 | E14: Cross | F14: 494 | G14: 09N/05E/10 | H14: 3921670 | I14: 722850 | J14: 15 | L14: Elevated village site of St. Francis type | M14: Griffin, Phillips | N14: 14717 | O14: map | T14: 0 | U14: 0 | V14: 0 | W14: 0 | Y14: 0 | Z14: 0 | AA14: 0 | AC14: 0 | AD14: 0 | AE14: 0 | AF14: 0 | AG14: 0 | AH14: 0 | AJ14: 0 | AL14: 0 | AM14: 0 | AN14: 0 | AP14: 0 | AQ14: 0 | AR14: 0 | AS14: 0 | AT14: 0 | AV14: 0 | AW14: 0 | AX14: 485 | AY14: 143 | AZ14: 53 | BA14: 0 | BB14: 0 | BC14: 0 | BD14: 0 | BE14: 0 | BF14: 0 | BG14: 0 | BH14: 0 | BI14: 0 | BJ14: 0 | BK14: 1 | BL14: 3 | BM14: 0 | BN14: 0 | BO14: 0 | BR14: 0 | BS14: 0 | BT14: 0 | BV14: 0 | BZ14: =SUM(T14:BY14) -> 685 | CA14: A | CC14: =SUM(BG14:BV14,AE14:AW14,AY14:BE14,T14:AC14)/BZ14 -> 0.2919708 | CD14: =BZ14-SUM(BF14,AX14,AW14,AD14,W14) -> 200 | CE14: =SUM(AX14:BV14) -> 685 | CF14: =SUM(BG14:BV14,AY14:BE14) -> 200 | CG14: =CF14/CE14 -> 0.2919708 | CH14: St. Francis
A15: 11-N-16 | B15: Twist No. 2 | C15: AR | D15: 3CS0072 | E15: Cross | F15: 494 | G15: 09N/05E/14 | H15: 3920400 | I15: 724150 | J15: 15 | L15: Large group of mounds scattered over considerable area | M15: Griffin, Phillips | N15: 14717 | O15: map | T15: 0 | U15: 0 | V15: 0 | W15: 0 | Y15: 0 | Z15: 0 | AA15: 0 | AC15: 0 | AD15: 0 | AE15: 0 | AF15: 0 | AG15: 0 | AH15: 0 | AJ15: 0 | AL15: 0 | AM15: 0 | AN15: 0 | AP15: 0 | AQ15: 0 | AR15: 0 | AS15: 0 | AT15: 0 | AV15: 0 | AW15: 0 | AX15: 102 | AY15: 0 | AZ15: 0 | BA15: 0 | BB15: 0 | BC15: 0 | BD15: 0 | BE15: 0 | BF15: 1 | BG15: 0 | BH15: 0 | BI15: 0 | BJ15: 0 | BK15: 0 | BL15: 0 | BM15: 0 | BN15: 0 | BO15: 0 | BR15: 0 | BS15: 0 | BT15: 0 | BV15: 0 | BZ15: =SUM(T15:BY15) -> 103 | CA15: B | CC15: =SUM(BG15:BV15,AE15:AW15,AY15:BE15,T15:AC15)/BZ15 -> 0 | CD15: =BZ15-SUM(BF15,AX15,AW15,AD15,W15) -> 0 | CE15: =SUM(AX15:BV15) -> 103 | CF15: =SUM(BG15:BV15,AY15:BE15) -> 0 | CG15: =CF15/CE15 -> 0 | CH15: St. Francis
A16: 11-N-2 | B16: Rogers | C16: AR | D16: 3CS0062 | E16: Cross | F16: 472 | G16: 08N/05E/26 | H16: 3907350 | I16: 724440 | J16: 15 | L16: Five small conical mounds | M16: Griffin, Phillips, Ford | N16: 14699 | T16: 0 | U16: 0 | V16: 0 | W16: 0 | Y16: 0 | Z16: 0 | AA16: 0 | AC16: 0 | AD16: 470 | AE16: 120 | AF16: 0 | AG16: 0 | AH16: 0 | AJ16: 0 | AL16: 0 | AM16: 0 | AN16: 0 | AP16: 0 | AQ16: 1 | AR16: 0 | AS16: 0 | AT16: 0 | AV16: 0 | AW16: 1 | AX16: 33 | AY16: 2 | AZ16: 0 | BA16: 0 | BB16: 0 | BC16: 0 | BD16: 0 | BE16: 0 | BF16: 0 | BG16: 0 | BH16: 0 | BI16: 0 | BJ16: 0 | BK16: 0 | BL16: 0 | BM16: 0 | BN16: 0 | BO16: 0 | BR16: 0 | BS16: 0 | BT16: 0 | BV16: 0 | BZ16: =SUM(T16:BY16) -> 627 | CA16: D | CC16: =SUM(BG16:BV16,AE16:AW16,AY16:BE16,T16:AC16)/BZ16 -> 0.19776715 | CD16: =BZ16-SUM(BF16,AX16,AW16,AD16,W16) -> 123 | CE16: =SUM(AX16:BV16) -> 35 | CF16: =SUM(BG16:BV16,AY16:BE16) -> 2 | CG16: =CF16/CE16 -> 0.057142857 | CH16: St. Francis
A17: 11-N-3 | B17: Roberts | C17: AR | D17: 3CS0063 | E17: Cross | F17: 472 | G17: 08/05E/26 | H17: 3908400 | I17: 725230 | J17: 15 | L17: Four low rounded mounds | M17: Phillips, Griffin, Ford | N17: 14699 | O17: map | T17: 0 | U17: 0 | V17: 0 | W17: 0 | Y17: 0 | Z17: 0 | AA17: 0 | AC17: 0 | AD17: 725 | AE17: 204 | AF17: 0 | AG17: 0 | AH17: 0 | AJ17: 0 | AL17: 0 | AM17: 0 | AN17: 0 | AP17: 0 | AQ17: 1 | AR17: 0 | AS17: 0 | AT17: 0 | AV17: 0 | AW17: 3 | AX17: 50 | AY17: 3 | AZ17: 1 | BA17: 0 | BB17: 0 | BC17: 0 | BD17: 0 | BE17: 0 | BF17: 0 | BG17: 0 | BH17: 0 | BI17: 0 | BJ17: 0 | BK17: 0 | BL17: 0 | BM17: 0 | BN17: 0 | BO17: 0 | BR17: 0 | BS17: 0 | BT17: 0 | BV17: 0 | BZ17: =SUM(T17:BY17) -> 987 | CA17: D | CC17: =SUM(BG17:BV17,AE17:AW17,AY17:BE17,T17:AC17)/BZ17 -> 0.2147923 | CD17: =BZ17-SUM(BF17,AX17,AW17,AD17,W17) -> 209 | CE17: =SUM(AX17:BV17) -> 54 | CF17: =SUM(BG17:BV17,AY17:BE17) -> 4 | CG17: =CF17/CE17 -> 0.074074074 | CH17: St. Francis
A18: 11-N-4 | B18: Neeley's Ferry | C18: AR | D18: 3CS0024 | E18: Cross | F18: 472 | G18: 08N/05E/34 | H18: 3913500 | I18: 723480 | J18: 15 | L18: Large mounds and village site | M18: Ford, Griffin | N18: 14700 | O18: map | T18: 0 | U18: 0 | V18: 0 | W18: 0 | Y18: 0 | Z18: 0 | AA18: 0 | AC18: 0 | AD18: 6 | AE18: 6 | AF18: 0 | AG18: 0 | AH18: 0 | AJ18: 0 | AL18: 0 | AM18: 0 | AN18: 0 | AP18: 0 | AQ18: 0 | AR18: 0 | AS18: 0 | AT18: 0 | AV18: 0 | AW18: 0 | AX18: 5992 | AY18: 760 | AZ18: 466 | BA18: 9 | BB18: 0 | BC18: 5 | BD18: 4 | BE18: 3 | BF18: 2 | BG18: 4 | BH18: 0 | BI18: 0 | BJ18: 0 | BK18: 0 | BL18: 14 | BM18: 0 | BN18: 0 | BO18: 4 | BR18: 0 | BS18: 0 | BT18: 0 | BV18: 0 | BZ18: =SUM(T18:BY18) -> 7275 | CA18: A | CC18: =SUM(BG18:BV18,AE18:AW18,AY18:BE18,T18:AC18)/BZ18 -> 0.17525773 | CD18: =BZ18-SUM(BF18,AX18,AW18,AD18,W18) -> 1275 | CE18: =SUM(AX18:BV18) -> 7263 | CF18: =SUM(BG18:BV18,AY18:BE18) -> 1269 | CG18: =CF18/CE18 -> 0.17472119 | CH18: St. Francis
A19: 11-N-5 | B19: White Place | C19: AR | D19: 3CS0064 | E19: Cross | F19: 472 | G19: 08N/05E/34 | H19: 3913410 | I19: 722900 | J19: 15 | L19: Small conical mound | M19: Griffin, Ford | N19: 14700 | O19: map | T19: 0 | U19: 0 | V19: 0 | W19: 0 | Y19: 0 | Z19: 0 | AA19: 0 | AC19: 0 | AD19: 29 | AE19: 3 | AF19: 0 | AG19: 0 | AH19: 0 | AJ19: 0 | AL19: 0 | AM19: 0 | AN19: 0 | AP19: 0 | AQ19: 0 | AR19: 0 | AS19: 0 | AT19: 0 | AV19: 0 | AW19: 0 | AX19: 6 | AY19: 0 | AZ19: 0 | BA19: 0 | BB19: 0 | BC19: 0 | BD19: 0 | BE19: 0 | BF19: 0 | BG19: 0 | BH19: 0 | BI19: 0 | BJ19: 0 | BK19: 0 | BL19: 0 | BM19: 0 | BN19: 0 | BO19: 0 | BR19: 0 | BS19: 0 | BT19: 0 | BV19: 0 | BZ19: =SUM(T19:BY19) -> 38 | CA19: ?? | CC19: =SUM(BG19:BV19,AE19:AW19,AY19:BE19,T19:AC19)/BZ19 -> 0.078947368 | CD19: =BZ19-SUM(BF19,AX19,AW19,AD19,W19) -> 3 | CE19: =SUM(AX19:BV19) -> 6 | CF19: =SUM(BG19:BV19,AY19:BE19) -> 0 | CG19: =CF19/CE19 -> 0 | CH19: St. Francis
A20: 11-N-6 | B20: Block Mounds | C20: AR | D20: 3CS0065 | E20: Cross | F20: 472 | G20: 08N/05E/19 | H20: 3906950 | I20: 720220 | J20: 15 | L20: Mound group in plaza arrangement | M20: Phillips, Griffin, Ford | N20: 14702 | O20: map | T20: 0 | U20: 0 | V20: 0 | W20: 0 | Y20: 0 | Z20: 0 | AA20: 0 | AC20: 0 | AD20: 53 | AE20: 4 | AF20: 0 | AG20: 0 | AH20: 0 | AJ20: 0 | AL20: 0 | AM20: 0 | AN20: 0 | AP20: 0 | AQ20: 0 | AR20: 0 | AS20: 0 | AT20: 0 | AV20: 0 | AW20: 1 | AX20: 134 | AY20: 0 | AZ20: 0 | BA20: 0 | BB20: 0 | BC20: 0 | BD20: 0 | BE20: 0 | BF20: 1 | BG20: 0 | BH20: 0 | BI20: 0 | BJ20: 0 | BK20: 0 | BL20: 0 | BM20: 0 | BN20: 0 | BO20: 0 | BR20: 0 | BS20: 0 | BT20: 0 | BV20: 0 | BZ20: =SUM(T20:BY20) -> 193 | CA20: C | CC20: =SUM(BG20:BV20,AE20:AW20,AY20:BE20,T20:AC20)/BZ20 -> 0.025906736 | CD20: =BZ20-SUM(BF20,AX20,AW20,AD20,W20) -> 4 | CE20: =SUM(AX20:BV20) -> 135 | CF20: =SUM(BG20:BV20,AY20:BE20) -> 0 | CG20: =CF20/CE20 -> 0 | CH20: St. Francis
A21: 11-N-7 | B21: Harold | C21: AR | D21: 3CS0066 | E21: Cross | F21: 472 | G21: 08N/05E/32 | H21: =LOOKUP(A21,'[1]AMASDA DATA'!B13:B189,'[1]AMASDA DATA'!H13:H189) -> 3925160 | I21: =LOOKUP(A21,'[1]AMASDA DATA'!B13:B189,'[1]AMASDA DATA'!I13:I189) -> 690340 | J21: 15 | L21: Small village site | M21: Griffin, Phillips, Ford | N21: 14702 | T21: 0 | U21: 0 | V21: 0 | W21: 0 | Y21: 0 | Z21: 0 | AA21: 0 | AC21: 0 | AD21: 35 | AE21: 10 | AF21: 0 | AG21: 0 | AH21: 0 | AJ21: 0 | AL21: 0 | AM21: 0 | AN21: 0 | AP21: 0 | AQ21: 0 | AR21: 0 | AS21: 0 | AT21: 0 | AV21: 0 | AW21: 0 | AX21: 35 | AY21: 0 | AZ21: 0 | BA21: 0 | BB21: 0 | BC21: 0 | BD21: 0 | BE21: 0 | BF21: 0 | BG21: 0 | BH21: 0 | BI21: 0 | BJ21: 0 | BK21: 0 | BL21: 0 | BM21: 0 | BN21: 0 | BO21: 0 | BR21: 0 | BS21: 0 | BT21: 0 | BV21: 0 | BZ21: =SUM(T21:BY21) -> 80 | CA21: ?? | CC21: =SUM(BG21:BV21,AE21:AW21,AY21:BE21,T21:AC21)/BZ21 -> 0.125 | CD21: =BZ21-SUM(BF21,AX21,AW21,AD21,W21) -> 10 | CE21: =SUM(AX21:BV21) -> 35 | CF21: =SUM(BG21:BV21,AY21:BE21) -> 0 | CG21: =CF21/CE21 -> 0 | CH21: St. Francis
A22: 11-N-8 | B22: Williams | C22: AR | D22: 3CS0067 | E22: Cross | F22: 472 | G22: 08N/05E/17 | H22: 3911040 | I22: 719500 | J22: 15 | L22: Mound group and village site | M22: Ford, Griffin, Phillips | N22: 14702 | O22: map | T22: 0 | U22: 0 | V22: 0 | W22: 0 | Y22: 0 | Z22: 0 | AA22: 0 | AC22: 0 | AD22: 107 | AE22: 18 | AF22: 0 | AG22: 0 | AH22: 0 | AJ22: 0 | AL22: 0 | AM22: 0 | AN22: 0 | AP22: 0 | AQ22: 0 | AR22: 0 | AS22: 0 | AT22: 0 | AV22: 0 | AW22: 0 | AX22: 53 | AY22: 1 | AZ22: 0 | BA22: 0 | BB22: 0 | BC22: 0 | BD22: 0 | BE22: 0 | BF22: 0 | BG22: 0 | BH22: 0 | BI22: 0 | BJ22: 0 | BK22: 0 | BL22: 0 | BM22: 0 | BN22: 0 | BO22: 0 | BR22: 0 | BS22: 0 | BT22: 0 | BV22: 0 | BZ22: =SUM(T22:BY22) -> 179 | CA22: C | CC22: =SUM(BG22:BV22,AE22:AW22,AY22:BE22,T22:AC22)/BZ22 -> 0.10614525 | CD22: =BZ22-SUM(BF22,AX22,AW22,AD22,W22) -> 19 | CE22: =SUM(AX22:BV22) -> 54 | CF22: =SUM(BG22:BV22,AY22:BE22) -> 1 | CG22: =CF22/CE22 -> 0.018518519 | CH22: St. Francis
A23: 11-N-9 | B23: Vernon Paul | C23: AR | D23: 3CS0025 | E23: Cross | F23: 472 | G23: 08N/05E/11 | H23: 3913000 | I23: 725000 | J23: 15 | L23: Large town site of St. Francis type | M23: Griffin, Phillips, Ford | N23: 14702 | T23: 0 | U23: 0 | V23: 0 | W23: 0 | Y23: 0 | Z23: 0 | AA23: 0 | AC23: 0 | AD23: 0 | AE23: 0 | AF23: 0 | AG23: 0 | AH23: 0 | AJ23: 0 | AL23: 0 | AM23: 0 | AN23: 0 | AP23: 0 | AQ23: 0 | AR23: 0 | AS23: 0 | AT23: 0 | AV23: 0 | AW23: 0 | AX23: 1807 | AY23: 528 | AZ23: 191 | BA23: 19 | BB23: 0 | BC23: 0 | BD23: 0 | BE23: 0 | BF23: 2 | BG23: 7 | BH23: 0 | BI23: 0 | BJ23: 0 | BK23: 0 | BL23: 13 | BM23: 0 | BN23: 0 | BO23: 0 | BR23: 0 | BS23: 0 | BT23: 0 | BV23: 0 | BZ23: =SUM(T23:BY23) -> 2567 | CA23: A | CC23: =SUM(BG23:BV23,AE23:AW23,AY23:BE23,T23:AC23)/BZ23 -> 0.29528633 | CD23: =BZ23-SUM(BF23,AX23,AW23,AD23,W23) -> 758 | CE23: =SUM(AX23:BV23) -> 2567 | CF23: =SUM(BG23:BV23,AY23:BE23) -> 758 | CG23: =CF23/CE23 -> 0.29528633 | CH23: St. Francis
A24: 11-O-1 | B24: Pittman | C24: AR | D24: 3PO0033 | E24: Poinsett | F24: 410 | G24: 10N/06E/21 | H24: 3928100 | I24: 730000 | J24: 15 | L24: Small conical mounds. No associated village site. | M24: Phillips, Ford | N24: 14711 | O24: map | T24: 0 | U24: 0 | V24: 0 | W24: 0 | Y24: 0 | Z24: 0 | AA24: 0 | AC24: 0 | AD24: 1 | AE24: 2 | AF24: 0 | AG24: 0 | AH24: 0 | AJ24: 0 | AL24: 0 | AM24: 0 | AN24: 0 | AP24: 0 | AQ24: 0 | AR24: 0 | AS24: 0 | AT24: 0 | AV24: 0 | AW24: 0 | AX24: 25 | AY24: 0 | AZ24: 1 | BA24: 0 | BB24: 0 | BC24: 0 | BD24: 0 | BE24: 0 | BF24: 3 | BG24: 0 | BH24: 0 | BI24: 0 | BJ24: 0 | BK24: 0 | BL24: 0 | BM24: 1 | BN24: 0 | BO24: 0 | BR24: 0 | BS24: 0 | BT24: 0 | BV24: 0 | BZ24: =SUM(T24:BY24) -> 33 | CA24: ?? | CC24: =SUM(BG24:BV24,AE24:AW24,AY24:BE24,T24:AC24)/BZ24 -> 0.12121212 | CD24: =BZ24-SUM(BF24,AX24,AW24,AD24,W24) -> 4 | CE24: =SUM(AX24:BV24) -> 30 | CF24: =SUM(BG24:BV24,AY24:BE24) -> 2 | CG24: =CF24/CE24 -> 0.066666667 | CH24: St. Francis
A25: 11-O-10 | B25: Barton Ranch | C25: AR | D25: 3CT0018 | E25: Crittenden | F25: 410 | G25: 09N/07E/30 | H25: 3918000 | I25: 737150 | J25: 15 | L25: Rectangular town site of St. Francis type, no mounds | M25: Griffin, Phillips | N25: 14717 | O25: Plane Table Map | T25: 0 | U25: 0 | V25: 0 | W25: 0 | Y25: 0 | Z25: 0 | AA25: 0 | AC25: 0 | AD25: 11 | AE25: 0 | AF25: 0 | AG25: 0 | AH25: 0 | AJ25: 0 | AL25: 0 | AM25: 0 | AN25: 0 | AP25: 0 | AQ25: 0 | AR25: 0 | AS25: 0 | AT25: 0 | AV25: 0 | AW25: 0 | AX25: 4056 | AY25: 395 | AZ25: 207 | BA25: 4 | BB25: 0 | BC25: 16 | BD25: 9 | BE25: 0 | BF25: 8 | BG25: 0 | BH25: 0 | BI25: 0 | BJ25: 0 | BK25: 1 | BL25: 6 | BM25: 0 | BN25: 0 | BO25: 0 | BR25: 0 | BS25: 0 | BT25: 0 | BV25: 0 | BZ25: =SUM(T25:BY25) -> 4713 | CA25: B | CC25: =SUM(BG25:BV25,AE25:AW25,AY25:BE25,T25:AC25)/BZ25 -> 0.13537025 | CD25: =BZ25-SUM(BF25,AX25,AW25,AD25,W25) -> 638 | CE25: =SUM(AX25:BV25) -> 4702 | CF25: =SUM(BG25:BV25,AY25:BE25) -> 638 | CG25: =CF25/CE25 -> 0.13568694 | CH25: St. Francis
A26: 11-O-11 | B26: Prosperity | C26: AR | D26: 3CT0024 | E26: Crittenden | F26: 223 | G26: 08N/07E/6 | H26: 3914900 | I26: 736700 | J26: 15 | L26: Small mound and village site, very little material | M26: Griffin, Phillips | N26: 14717 | O26: Map | T26: 0 | U26: 0 | V26: 0 | W26: 0 | Y26: 0 | Z26: 0 | AA26: 0 | AC26: 0 | AD26: 98 | AE26: 0 | AF26: 0 | AG26: 0 | AH26: 0 | AJ26: 0 | AL26: 0 | AM26: 0 | AN26: 0 | AP26: 0 | AQ26: 0 | AR26: 0 | AS26: 0 | AT26: 0 | AV26: 0 | AW26: 0 | AX26: 6 | AY26: 2 | AZ26: 0 | BA26: 0 | BB26: 0 | BC26: 0 | BD26: 0 | BE26: 0 | BF26: 0 | BG26: 0 | BH26: 0 | BI26: 0 | BJ26: 0 | BK26: 0 | BL26: 0 | BM26: 0 | BN26: 0 | BO26: 0 | BR26: 0 | BS26: 0 | BT26: 0 | BV26: 0 | BZ26: =SUM(T26:BY26) -> 106 | CA26: C | CC26: =SUM(BG26:BV26,AE26:AW26,AY26:BE26,T26:AC26)/BZ26 -> 0.018867925 | CD26: =BZ26-SUM(BF26,AX26,AW26,AD26,W26) -> 2 | CE26: =SUM(AX26:BV26) -> 8 | CF26: =SUM(BG26:BV26,AY26:BE26) -> 2 | CG26: =CF26/CE26 -> 0.25 | CH26: St. Francis
A27: 11-O-2 | B27: Webster Cemetery | C27: AR | D27: 3PO0034 | E27: Poinsett | F27: 410 | G27: 10N/07E/18 | H27: 3929800 | I27: 737670 | J27: 15 | L27: Small conical mound | M27: Ford, Phillips | N27: 14711 | T27: 0 | U27: 0 | V27: 0 | W27: 0 | Y27: 0 | Z27: 0 | AA27: 0 | AC27: 0 | AD27: 4 | AE27: 0 | AF27: 0 | AG27: 0 | AH27: 0 | AJ27: 0 | AL27: 0 | AM27: 0 | AN27: 0 | AP27: 0 | AQ27: 0 | AR27: 0 | AS27: 0 | AT27: 0 | AV27: 0 | AW27: 0 | AX27: 15 | AY27: 0 | AZ27: 0 | BA27: 0 | BB27: 0 | BC27: 0 | BD27: 0 | BE27: 0 | BF27: 0 | BG27: 0 | BH27: 0 | BI27: 0 | BJ27: 0 | BK27: 0 | BL27: 0 | BM27: 0 | BN27: 0 | BO27: 0 | BR27: 0 | BS27: 0 | BT27: 0 | BV27: 0 | BZ27: =SUM(T27:BY27) -> 19 | CA27: ?? | CC27: =SUM(BG27:BV27,AE27:AW27,AY27:BE27,T27:AC27)/BZ27 -> 0 | CD27: =BZ27-SUM(BF27,AX27,AW27,AD27,W27) -> 0 | CE27: =SUM(AX27:BV27) -> 15 | CF27: =SUM(BG27:BV27,AY27:BE27) -> 0 | CG27: =CF27/CE27 -> 0 | CH27: St. Francis
A28: 11-O-4 | B28: Cummins | C28: AR | D28: 3PO243 | E28: Poinsett | F28: 28 | G28: 11N/04E/2 | H28: 3944100 | I28: 714360 | J28: 15 | L28: Group of mounds | M28: Phillips, Ford | N28: 14711 | O28: map | T28: 0 | U28: 0 | V28: 0 | W28: 0 | Y28: 0 | Z28: 0 | AA28: 0 | AC28: 0 | AD28: 6 | AE28: 0 | AF28: 0 | AG28: 0 | AH28: 0 | AJ28: 0 | AL28: 0 | AM28: 0 | AN28: 0 | AP28: 0 | AQ28: 0 | AR28: 0 | AS28: 0 | AT28: 0 | AV28: 0 | AW28: 0 | AX28: 443 | AY28: 206 | AZ28: 45 | BA28: 3 | BB28: 2 | BC28: 0 | BD28: 0 | BE28: 0 | BF28: 9 | BG28: 3 | BH28: 0 | BI28: 0 | BJ28: 0 | BK28: 0 | BL28: 2 | BM28: 0 | BN28: 0 | BO28: 0 | BR28: 0 | BS28: 0 | BT28: 0 | BV28: 0 | BZ28: =SUM(T28:BY28) -> 719 | CA28: A | CC28: =SUM(BG28:BV28,AE28:AW28,AY28:BE28,T28:AC28)/BZ28 -> 0.36300417 | CD28: =BZ28-SUM(BF28,AX28,AW28,AD28,W28) -> 261 | CE28: =SUM(AX28:BV28) -> 713 | CF28: =SUM(BG28:BV28,AY28:BE28) -> 261 | CG28: =CF28/CE28 -> 0.36605891 | CH28: St. Francis
A29: 11-O-5 | B29: Emory | C29: AR | D29: 3CT0020 | E29: Crittenden | F29: 410 | G29: 09N/06E/2 | H29: 3924190 | I29: 734640 | J29: 15 | L29: Small conical mound | M29: Phillips, Ford | N29: 14711 | T29: 0 | U29: 0 | V29: 0 | W29: 0 | Y29: 0 | Z29: 0 | AA29: 0 | AC29: 0 | AD29: 79 | AE29: 13 | AF29: 0 | AG29: 2 | AH29: 0 | AJ29: 0 | AL29: 0 | AM29: 0 | AN29: 0 | AP29: 1 | AQ29: 0 | AR29: 0 | AS29: 0 | AT29: 0 | AV29: 0 | AW29: 0 | AX29: 17 | AY29: 1 | AZ29: 0 | BA29: 0 | BB29: 0 | BC29: 0 | BD29: 0 | BE29: 0 | BF29: 4 | BG29: 0 | BH29: 0 | BI29: 0 | BJ29: 0 | BK29: 0 | BL29: 0 | BM29: 0 | BN29: 0 | BO29: 0 | BR29: 0 | BS29: 0 | BT29: 0 | BV29: 0 | BZ29: =SUM(T29:BY29) -> 117 | CA29: C | CC29: =SUM(BG29:BV29,AE29:AW29,AY29:BE29,T29:AC29)/BZ29 -> 0.14529915 | CD29: =BZ29-SUM(BF29,AX29,AW29,AD29,W29) -> 17 | CE29: =SUM(AX29:BV29) -> 22 | CF29: =SUM(BG29:BV29,AY29:BE29) -> 1 | CG29: =CF29/CE29 -> 0.045454545 | CH29: St. Francis
A30: 11-O-6 | B30: Pinkston | C30: AR | D30: 3PO0036 | E30: Poinsett | F30: 410 | G30: 10N/06E/35 | H30: 3924830 | I30: 734650 | J30: 15 | L30: Small conical mound and village site | M30: Ford, Phillips | N30: 14711 | T30: 0 | U30: 0 | V30: 0 | W30: 0 | Y30: 0 | Z30: 0 | AA30: 0 | AC30: 0 | AD30: 121 | AE30: 15 | AF30: 0 | AG30: 0 | AH30: 0 | AJ30: 0 | AL30: 0 | AM30: 0 | AN30: 0 | AP30: 0 | AQ30: 0 | AR30: 0 | AS30: 0 | AT30: 0 | AV30: 0 | AW30: 0 | AX30: 22 | AY30: 0 | AZ30: 0 | BA30: 0 | BB30: 0 | BC30: 0 | BD30: 0 | BE30: 0 | BF30: 0 | BG30: 0 | BH30: 0 | BI30: 0 | BJ30: 0 | BK30: 0 | BL30: 0 | BM30: 0 | BN30: 0 | BO30: 0 | BR30: 0 | BS30: 0 | BT30: 0 | BV30: 0 | BZ30: =SUM(T30:BY30) -> 158 | CA30: D | CC30: =SUM(BG30:BV30,AE30:AW30,AY30:BE30,T30:AC30)/BZ30 -> 0.094936709 | CD30: =BZ30-SUM(BF30,AX30,AW30,AD30,W30) -> 15 | CE30: =SUM(AX30:BV30) -> 22 | CF30: =SUM(BG30:BV30,AY30:BE30) -> 0 | CG30: =CF30/CE30 -> 0 | CH30: St. Francis
A31: 11-O-7 | B31: Lewis | C31: AR | D31: 3CT0021 | E31: Crittenden | F31: 223 | G31: 08N/06E/16 | H31: 3911480 | I31: 730800 | J31: 15 | L31: One rectangular and several conical mounds and village site | M31: Phillips | N31: 14716 | O31: map | T31: 0 | U31: 0 | V31: 0 | W31: 0 | Y31: 0 | Z31: 0 | AA31: 0 | AC31: 0 | AD31: 1140 | AE31: 126 | AF31: 0 | AG31: 0 | AH31: 0 | AJ31: 0 | AL31: 0 | AM31: 0 | AN31: 0 | AP31: 0 | AQ31: 0 | AR31: 2 | AS31: 0 | AT31: 0 | AV31: 0 | AW31: 0 | AX31: 204 | AY31: 0 | AZ31: 1 | BA31: 0 | BB31: 0 | BC31: 0 | BD31: 0 | BE31: 0 | BF31: 0 | BG31: 0 | BH31: 0 | BI31: 0 | BJ31: 0 | BK31: 0 | BL31: 1 | BM31: 0 | BN31: 0 | BO31: 0 | BR31: 0 | BS31: 0 | BT31: 0 | BV31: 0 | BZ31: =SUM(T31:BY31) -> 1474 | CA31: C | CC31: =SUM(BG31:BV31,AE31:AW31,AY31:BE31,T31:AC31)/BZ31 -> 0.088195387 | CD31: =BZ31-SUM(BF31,AX31,AW31,AD31,W31) -> 130 | CE31: =SUM(AX31:BV31) -> 206 | CF31: =SUM(BG31:BV31,AY31:BE31) -> 2 | CG31: =CF31/CE31 -> 0.0097087379 | CH31: St. Francis
A32: 11-O-8 | B32: Richard's Place Bridge | C32: AR | D32: 3CT022 | E32: Crittenden | F32: 223 | G32: 08N/06E/10 | H32: 3913360 | I32: 732350 | J32: 15 | L32: Small M. Mississippian site with remnant of a mound | M32: Phillips | N32: 14716 | O32: Map | T32: 0 | U32: 0 | V32: 0 | W32: 0 | Y32: 0 | Z32: 0 | AA32: 0 | AC32: 0 | AD32: 5 | AE32: 1 | AF32: 0 | AG32: 0 | AH32: 0 | AJ32: 0 | AL32: 0 | AM32: 0 | AN32: 0 | AP32: 0 | AQ32: 0 | AR32: 0 | AS32: 0 | AT32: 0 | AV32: 0 | AW32: 0 | AX32: 115 | AY32: 14 | AZ32: 10 | BA32: 2 | BB32: 0 | BC32: 0 | BD32: 0 | BE32: 0 | BF32: 1 | BG32: 0 | BH32: 0 | BI32: 0 | BJ32: 0 | BK32: 0 | BL32: 2 | BM32: 0 | BN32: 0 | BO32: 0 | BR32: 0 | BS32: 0 | BT32: 0 | BV32: 0 | BZ32: =SUM(T32:BY32) -> 150 | CA32: B | CC32: =SUM(BG32:BV32,AE32:AW32,AY32:BE32,T32:AC32)/BZ32 -> 0.19333333 | CD32: =BZ32-SUM(BF32,AX32,AW32,AD32,W32) -> 29 | CE32: =SUM(AX32:BV32) -> 144 | CF32: =SUM(BG32:BV32,AY32:BE32) -> 28 | CG32: =CF32/CE32 -> 0.19444444 | CH32: St. Francis
A33: 11-O-9 | B33: Gilliland | C33: AR | D33: 3CT0023 | E33: Crittenden | F33: 223 | G33: 09N/07E/31 | H33: 3916540 | I33: 736740 | J33: 15 | L33: Small mound and village site | M33: Phillips | N33: 14716 | O33: Map | T33: 0 | U33: 0 | V33: 0 | W33: 0 | Y33: 0 | Z33: 0 | AA33: 0 | AC33: 0 | AD33: 55 | AE33: 6 | AF33: 0 | AG33: 0 | AH33: 0 | AJ33: 0 | AL33: 0 | AM33: 0 | AN33: 0 | AP33: 0 | AQ33: 0 | AR33: 0 | AS33: 0 | AT33: 0 | AV33: 0 | AW33: 0 | AX33: 2 | AY33: 8 | AZ33: 0 | BA33: 0 | BB33: 0 | BC33: 0 | BD33: 0 | BE33: 0 | BF33: 0 | BG33: 0 | BH33: 0 | BI33: 0 | BJ33: 0 | BK33: 0 | BL33: 0 | BM33: 0 | BN33: 0 | BO33: 0 | BR33: 0 | BS33: 0 | BT33: 0 | BV33: 0 | BZ33: =SUM(T33:BY33) -> 71 | CA33: C | CC33: =SUM(BG33:BV33,AE33:AW33,AY33:BE33,T33:AC33)/BZ33 -> 0.1971831 | CD33: =BZ33-SUM(BF33,AX33,AW33,AD33,W33) -> 14 | CE33: =SUM(AX33:BV33) -> 10 | CF33: =SUM(BG33:BV33,AY33:BE33) -> 8 | CG33: =CF33/CE33 -> 0.8 | CH33: St. Francis
A34: 11-P-1 | B34: Shawnee Village | C34: AR | D34: 3MS0007 | E34: Mississippi | F34: 603 | G34: 10N/09E/10 | H34: 3931860 | I34: 761300 | J34: 15 | L34: Mounds and village site | M34: Phillips | N34: 14723 | O34: map | T34: 0 | U34: 0 | V34: 0 | W34: 0 | Y34: 0 | Z34: 0 | AA34: 0 | AC34: 0 | AD34: 3 | AE34: 6 | AF34: 0 | AG34: 0 | AH34: 0 | AJ34: 0 | AL34: 0 | AM34: 0 | AN34: 0 | AP34: 0 | AQ34: 0 | AR34: 0 | AS34: 0 | AT34: 0 | AV34: 0 | AW34: 1 | AX34: 47 | AY34: 0 | AZ34: 1 | BA34: 0 | BB34: 0 | BC34: 0 | BD34: 0 | BE34: 0 | BF34: 43 | BG34: 0 | BH34: 0 | BI34: 0 | BJ34: 0 | BK34: 0 | BL34: 0 | BM34: 0 | BN34: 0 | BO34: 0 | BR34: 0 | BS34: 0 | BT34: 0 | BV34: 0 | BZ34: =SUM(T34:BY34) -> 101 | CA34: B | CC34: =SUM(BG34:BV34,AE34:AW34,AY34:BE34,T34:AC34)/BZ34 -> 0.079207921 | CD34: =BZ34-SUM(BF34,AX34,AW34,AD34,W34) -> 7 | CE34: =SUM(AX34:BV34) -> 91 | CF34: =SUM(BG34:BV34,AY34:BE34) -> 1 | CG34: =CF34/CE34 -> 0.010989011 | CH34: Memphis
A35: 11-P-2 | B35: Bradley | C35: AR | D35: 3CT0007 | E35: Crittenden | F35: 406 | G35: 08N/09E/17 | H35: =LOOKUP(A35,'[1]AMASDA DATA'!B27:B203,'[1]AMASDA DATA'!H27:H203) -> 3910900 | I35: =LOOKUP(A35,'[1]AMASDA DATA'!B27:B203,'[1]AMASDA DATA'!I27:I203) -> 758280 | J35: 15 | L35: Mounds and village site (mostly destroyed) | M35: Phillips | N35: 14724 | O35: map | T35: 0 | U35: 0 | V35: 0 | W35: 0 | Y35: 0 | Z35: 0 | AA35: 0 | AC35: 0 | AD35: 43 | AE35: 14 | AF35: 0 | AG35: 0 | AH35: 0 | AJ35: 0 | AL35: 0 | AM35: 0 | AN35: 0 | AP35: 0 | AQ35: 0 | AR35: 0 | AS35: 0 | AT35: 0 | AV35: 0 | AW35: 0 | AX35: 225 | AY35: 5 | AZ35: 1 | BA35: 0 | BB35: 0 | BC35: 0 | BD35: 0 | BE35: 0 | BF35: 222 | BG35: 1 | BH35: 0 | BI35: 0 | BJ35: 0 | BK35: 0 | BL35: 2 | BM35: 0 | BN35: 0 | BO35: 1 | BR35: 0 | BS35: 0 | BT35: 0 | BV35: 0 | BZ35: =SUM(T35:BY35) -> 514 | CA35: B | CC35: =SUM(BG35:BV35,AE35:AW35,AY35:BE35,T35:AC35)/BZ35 -> 0.046692607 | CD35: =BZ35-SUM(BF35,AX35,AW35,AD35,W35) -> 24 | CE35: =SUM(AX35:BV35) -> 457 | CF35: =SUM(BG35:BV35,AY35:BE35) -> 10 | CG35: =CF35/CE35 -> 0.021881838 | CH35: Memphis
A36: 11-P-2/A | B36: Bradley | C36: AR | D36: 3CT0007 | E36: Crittenden | F36: 406 | G36: 08N/09E/17 | H36: 3910900 | I36: =LOOKUP(A36,'[1]AMASDA DATA'!B28:B204,'[1]AMASDA DATA'!I28:I204) -> 758280 | J36: 15 | L36: Mounds and village site (mostly destroyed) | M36: Phillips | N36: 14724 | O36: map | T36: 0 | U36: 0 | V36: 0 | W36: 0 | Y36: 0 | Z36: 0 | AA36: 1 | AC36: 0 | AD36: 3 | AE36: 3 | AF36: 0 | AG36: 4 | AH36: 0 | AJ36: 0 | AL36: 0 | AM36: 0 | AN36: 0 | AP36: 0 | AQ36: 0 | AR36: 0 | AS36: 0 | AT36: 0 | AV36: 0 | AW36: 0 | AX36: 0 | AY36: 0 | AZ36: 0 | BA36: 0 | BB36: 0 | BC36: 0 | BD36: 0 | BE36: 0 | BF36: 0 | BG36: 0 | BH36: 0 | BI36: 0 | BJ36: 0 | BK36: 0 | BL36: 0 | BM36: 0 | BN36: 0 | BO36: 0 | BR36: 0 | BS36: 0 | BT36: 0 | BV36: 0 | BZ36: =SUM(T36:BY36) -> 11 | CA36: ?? | CC36: =SUM(BG36:BV36,AE36:AW36,AY36:BE36,T36:AC36)/BZ36 -> 0.72727273 | CD36: =BZ36-SUM(BF36,AX36,AW36,AD36,W36) -> 8 | CE36: =SUM(AX36:BV36) -> 0 | CF36: =SUM(BG36:BV36,AY36:BE36) -> 0 | CG36: =CF36/CE36 -> #DIV/0! | CH36: Memphis
A37: 11-P-3 | B37: Golightly | C37: AR | D37: 3CT0019 | E37: Crittenden | F37: 406 | G37: 09N/08E/26 | H37: =H39+(0.8*1.6+1000) -> 3918541.3 | I37: =I39-(2*1.6*1000) -> 753900 | J37: 15 | L37: Two mounds and village site | M37: Phillips | N37: 14721 | O37: map | T37: 0 | U37: 0 | V37: 0 | W37: 0 | Y37: 0 | Z37: 0 | AA37: 0 | AC37: 0 | AD37: 26 | AE37: 6 | AF37: 1 | AG37: 0 | AH37: 0 | AJ37: 0 | AL37: 0 | AM37: 0 | AN37: 0 | AP37: 0 | AQ37: 0 | AR37: 0 | AS37: 0 | AT37: 0 | AV37: 0 | AW37: 0 | AX37: 112 | AY37: 0 | AZ37: 0 | BA37: 0 | BB37: 0 | BC37: 0 | BD37: 0 | BE37: 0 | BF37: 94 | BG37: 0 | BH37: 0 | BI37: 0 | BJ37: 0 | BK37: 0 | BL37: 0 | BM37: 0 | BN37: 0 | BO37: 0 | BR37: 0 | BS37: 0 | BT37: 0 | BV37: 0 | BZ37: =SUM(T37:BY37) -> 239 | CA37: B | CC37: =SUM(BG37:BV37,AE37:AW37,AY37:BE37,T37:AC37)/BZ37 -> 0.029288703 | CD37: =BZ37-SUM(BF37,AX37,AW37,AD37,W37) -> 7 | CE37: =SUM(AX37:BV37) -> 206 | CF37: =SUM(BG37:BV37,AY37:BE37) -> 0 | CG37: =CF37/CE37 -> 0 | CH37: Memphis
A38: 11-P-4 | B38: Pacific | C38: AR | D38: 3CT0026 | E38: Crittenden | F38: 279 | G38: 09N/08E/23 | H38: =H39-(0.2*1.6*1000) -> 3917220 | I38: =I39-(2.2*1.6*1000) -> 753580 | J38: 15 | L38: Three small mounds | M38: Phillips | N38: 14725 | T38: 0 | U38: 0 | V38: 0 | W38: 0 | Y38: 0 | Z38: 0 | AA38: 0 | AC38: 0 | AD38: 0 | AE38: 0 | AF38: 0 | AG38: 0 | AH38: 0 | AJ38: 0 | AL38: 0 | AM38: 0 | AN38: 0 | AP38: 0 | AQ38: 0 | AR38: 0 | AS38: 0 | AT38: 0 | AV38: 0 | AW38: 0 | AX38: 2 | AY38: 0 | AZ38: 0 | BA38: 0 | BB38: 0 | BC38: 0 | BD38: 0 | BE38: 0 | BF38: 4 | BG38: 0 | BH38: 0 | BI38: 0 | BJ38: 0 | BK38: 0 | BL38: 0 | BM38: 0 | BN38: 0 | BO38: 0 | BR38: 0 | BS38: 0 | BT38: 0 | BV38: 0 | BZ38: =SUM(T38:BY38) -> 6 | CA38: ?? | CC38: =SUM(BG38:BV38,AE38:AW38,AY38:BE38,T38:AC38)/BZ38 -> 0 | CD38: =BZ38-SUM(BF38,AX38,AW38,AD38,W38) -> 0 | CE38: =SUM(AX38:BV38) -> 6 | CF38: =SUM(BG38:BV38,AY38:BE38) -> 0 | CG38: =CF38/CE38 -> 0 | CH38: Memphis
A39: 11-P-5 | B39: Lambethville | C39: AR | D39: 3CT0027 | E39: Crittenden | F39: 406 | G39: 09N/09E/30 | H39: 3917540 | I39: 757100 | J39: 15 | L39: Three small mounds | M39: Phillips | N39: 14725 | O39: map | T39: 0 | U39: 0 | V39: 0 | W39: 0 | Y39: 0 | Z39: 0 | AA39: 0 | AC39: 0 | AD39: 10 | AE39: 0 | AF39: 0 | AG39: 0 | AH39: 0 | AJ39: 0 | AL39: 0 | AM39: 0 | AN39: 0 | AP39: 0 | AQ39: 0 | AR39: 0 | AS39: 0 | AT39: 0 | AV39: 0 | AW39: 0 | AX39: 0 | AY39: 0 | AZ39: 0 | BA39: 0 | BB39: 0 | BC39: 0 | BD39: 0 | BE39: 0 | BF39: 1 | BG39: 0 | BH39: 0 | BI39: 0 | BJ39: 0 | BK39: 0 | BL39: 0 | BM39: 0 | BN39: 0 | BO39: 0 | BR39: 0 | BS39: 0 | BT39: 0 | BV39: 0 | BZ39: =SUM(T39:BY39) -> 11 | CA39: ?? | CC39: =SUM(BG39:BV39,AE39:AW39,AY39:BE39,T39:AC39)/BZ39 -> 0 | CD39: =BZ39-SUM(BF39,AX39,AW39,AD39,W39) -> 0 | CE39: =SUM(AX39:BV39) -> 1 | CF39: =SUM(BG39:BV39,AY39:BE39) -> 0 | CG39: =CF39/CE39 -> 0 | CH39: Memphis
A40: 12-N-10 | B40: DeRossitt's Place | C40: AR | D40: 3SF0027 | E40: St Francis | F40: 459 | G40: 05N/04E/4 | H40: 3883280 | I40: 711650 | J40: 15 | L40: Mound and village site | M40: Ford, Griffin, Phillips | N40: 14703 | T40: 0 | U40: 0 | V40: 0 | W40: 0 | Y40: 0 | Z40: 0 | AA40: 0 | AC40: 0 | AD40: 518 | AE40: 146 | AF40: 0 | AG40: 0 | AH40: 16 | AJ40: 0 | AL40: 0 | AM40: 0 | AN40: 0 | AP40: 0 | AQ40: 3 | AR40: 0 | AS40: 0 | AT40: 0 | AV40: 0 | AW40: 1 | AX40: 18 | AY40: 0 | AZ40: 0 | BA40: 0 | BB40: 0 | BC40: 0 | BD40: 0 | BE40: 0 | BF40: 0 | BG40: 0 | BH40: 0 | BI40: 0 | BJ40: 0 | BK40: 0 | BL40: 0 | BM40: 0 | BN40: 0 | BO40: 0 | BR40: 0 | BS40: 0 | BT40: 0 | BV40: 0 | BZ40: =SUM(T40:BY40) -> 702 | CA40: D | CC40: =SUM(BG40:BV40,AE40:AW40,AY40:BE40,T40:AC40)/BZ40 -> 0.23646724 | CD40: =BZ40-SUM(BF40,AX40,AW40,AD40,W40) -> 165 | CE40: =SUM(AX40:BV40) -> 18 | CF40: =SUM(BG40:BV40,AY40:BE40) -> 0 | CG40: =CF40/CE40 -> 0 | CH40: St. Francis
A41: 12-N-12 | B41: Widener Cemetery | C41: AR | D41: 3SF0029 | E41: St Francis | F41: 459 | G41: 05N/04E/21 | H41: =LOOKUP(A41,'[1]AMASDA DATA'!B33:B209,'[1]AMASDA DATA'!H33:H209) -> 3878020 | I41: =LOOKUP(A41,'[1]AMASDA DATA'!B33:B209,'[1]AMASDA DATA'!I33:I209) -> 710760 | J41: 15 | L41: Phillips, Griffin, Ford | M41: Phillips, Griffin, Ford | N41: 14703 | T41: 0 | U41: 0 | V41: 0 | W41: 0 | Y41: 0 | Z41: 0 | AA41: 0 | AC41: 0 | AD41: 66 | AE41: 3 | AF41: 0 | AG41: 0 | AH41: 0 | AJ41: 0 | AL41: 0 | AM41: 0 | AN41: 0 | AP41: 0 | AQ41: 2 | AR41: 0 | AS41: 0 | AT41: 0 | AV41: 0 | AW41: 2 | AX41: 45 | AY41: 15 | AZ41: 2 | BA41: 0 | BB41: 0 | BC41: 0 | BD41: 0 | BE41: 0 | BF41: 43 | BG41: 0 | BH41: 0 | BI41: 0 | BJ41: 0 | BK41: 0 | BL41: 5 | BM41: 0 | BN41: 0 | BO41: 1 | BR41: 0 | BS41: 0 | BT41: 0 | BV41: 0 | BZ41: =SUM(T41:BY41) -> 184 | CA41: ?? | CC41: =SUM(BG41:BV41,AE41:AW41,AY41:BE41,T41:AC41)/BZ41 -> 0.16304348 | CD41: =BZ41-SUM(BF41,AX41,AW41,AD41,W41) -> 28 | CE41: =SUM(AX41:BV41) -> 111 | CF41: =SUM(BG41:BV41,AY41:BE41) -> 23 | CG41: =CF41/CE41 -> 0.20720721 | CH41: St. Francis
A42: 12-N-13 | B42: Parks | C42: AR | D42: 3SF0030 | E42: St Francis | F42: 477 | G42: 06N/05E/22 | H42: 3888530 | I42: 722840 | J42: 15 | L42: Group of mounds | M42: Griffin, Phillips, Ford | N42: 14704 | O42: map | T42: 0 | U42: 0 | V42: 0 | W42: 0 | Y42: 0 | Z42: 0 | AA42: 0 | AC42: 0 | AD42: 810 | AE42: 134 | AF42: 25 | AG42: 0 | AH42: 0 | AJ42: 0 | AL42: 0 | AM42: 0 | AN42: 0 | AP42: 0 | AQ42: 0 | AR42: 0 | AS42: 0 | AT42: 0 | AV42: 0 | AW42: 1 | AX42: 204 | AY42: 0 | AZ42: 5 | BA42: 0 | BB42: 0 | BC42: 0 | BD42: 0 | BE42: 0 | BF42: 7 | BG42: 0 | BH42: 0 | BI42: 0 | BJ42: 0 | BK42: 0 | BL42: 1 | BM42: 0 | BN42: 0 | BO42: 0 | BR42: 0 | BS42: 0 | BT42: 0 | BV42: 0 | BZ42: =SUM(T42:BY42) -> 1187 | CA42: C | CC42: =SUM(BG42:BV42,AE42:AW42,AY42:BE42,T42:AC42)/BZ42 -> 0.13984836 | CD42: =BZ42-SUM(BF42,AX42,AW42,AD42,W42) -> 165 | CE42: =SUM(AX42:BV42) -> 217 | CF42: =SUM(BG42:BV42,AY42:BE42) -> 6 | CG42: =CF42/CE42 -> 0.02764977 | CH42: St. Francis
A43: 12-N-13/D&E | B43: Parks | C43: AR | D43: 3SF0030 | E43: St Francis | F43: 477 | G43: 06N/05E/22 | H43: 3888530 | I43: 722840 | J43: 15 | L43: Group of Mounds | M43: Griffin, Phillips, Ford | N43: 14704 | O43: map | T43: 0 | U43: 0 | V43: 0 | W43: 0 | Y43: 0 | Z43: 0 | AA43: 0 | AC43: 0 | AD43: 234 | AE43: 46 | AF43: 0 | AG43: 2 | AH43: 0 | AJ43: 0 | AL43: 0 | AM43: 0 | AN43: 0 | AP43: 0 | AQ43: 0 | AR43: 0 | AS43: 0 | AT43: 0 | AV43: 0 | AW43: 0 | AX43: 3 | AY43: 1 | AZ43: 0 | BA43: 0 | BB43: 0 | BC43: 0 | BD43: 0 | BE43: 0 | BF43: 1 | BG43: 0 | BH43: 0 | BI43: 0 | BJ43: 0 | BK43: 0 | BL43: 0 | BM43: 0 | BN43: 0 | BO43: 0 | BR43: 0 | BS43: 0 | BT43: 0 | BV43: 0 | BZ43: =SUM(T43:BY43) -> 287 | CA43: D | CC43: =SUM(BG43:BV43,AE43:AW43,AY43:BE43,T43:AC43)/BZ43 -> 0.17073171 | CD43: =BZ43-SUM(BF43,AX43,AW43,AD43,W43) -> 49 | CE43: =SUM(AX43:BV43) -> 5 | CF43: =SUM(BG43:BV43,AY43:BE43) -> 1 | CG43: =CF43/CE43 -> 0.2 | CH43: St. Francis
A44: 12-N-14 | B44: Crow Creek | C44: AR | D44: 3SF0031 | E44: St Francis | F44: 459 | G44: 05N/04E/31 | H44: 3745720 | I44: 707320 | J44: 15 | L44: Low mounds and village site | M44: Ford, Griffin, Phillips | N44: 14704 | O44: map | T44: 0 | U44: 0 | V44: 0 | W44: 0 | Y44: 0 | Z44: 0 | AA44: 0 | AC44: 0 | AD44: 27 | AE44: 3 | AF44: 0 | AG44: 0 | AH44: 0 | AJ44: 0 | AL44: 0 | AM44: 0 | AN44: 0 | AP44: 0 | AQ44: 0 | AR44: 0 | AS44: 0 | AT44: 0 | AV44: 0 | AW44: 0 | AX44: 1 | AY44: 0 | AZ44: 0 | BA44: 0 | BB44: 0 | BC44: 0 | BD44: 0 | BE44: 0 | BF44: 2 | BG44: 0 | BH44: 0 | BI44: 0 | BJ44: 0 | BK44: 0 | BL44: 0 | BM44: 0 | BN44: 0 | BO44: 0 | BR44: 0 | BS44: 0 | BT44: 0 | BV44: 0 | BZ44: =SUM(T44:BY44) -> 33 | CA44: ?? | CC44: =SUM(BG44:BV44,AE44:AW44,AY44:BE44,T44:AC44)/BZ44 -> 0.090909091 | CD44: =BZ44-SUM(BF44,AX44,AW44,AD44,W44) -> 3 | CE44: =SUM(AX44:BV44) -> 3 | CF44: =SUM(BG44:BV44,AY44:BE44) -> 0 | CG44: =CF44/CE44 -> 0 | CH44: St. Francis
A45: 12-N-15 | B45: Swan | C45: AR | D45: 3SF0032 | E45: St Francis | F45: 465 | G45: 06N/04E/16 | H45: 3891230 | I45: 712120 | J45: 15 | L45: Small conical mound | M45: Griffin, Phillips, Ford | N45: 14705 | T45: 0 | U45: 0 | V45: 0 | W45: 0 | Y45: 0 | Z45: 0 | AA45: 0 | AC45: 0 | AD45: 174 | AE45: 108 | AF45: 0 | AG45: 0 | AH45: 0 | AJ45: 0 | AL45: 0 | AM45: 0 | AN45: 0 | AP45: 0 | AQ45: 0 | AR45: 0 | AS45: 0 | AT45: 0 | AV45: 0 | AW45: 0 | AX45: 3 | AY45: 0 | AZ45: 0 | BA45: 0 | BB45: 0 | BC45: 0 | BD45: 0 | BE45: 0 | BF45: 0 | BG45: 0 | BH45: 0 | BI45: 0 | BJ45: 0 | BK45: 0 | BL45: 0 | BM45: 0 | BN45: 0 | BO45: 0 | BR45: 0 | BS45: 0 | BT45: 0 | BV45: 0 | BZ45: =SUM(T45:BY45) -> 285 | CA45: D | CC45: =SUM(BG45:BV45,AE45:AW45,AY45:BE45,T45:AC45)/BZ45 -> 0.37894737 | CD45: =BZ45-SUM(BF45,AX45,AW45,AD45,W45) -> 108 | CE45: =SUM(AX45:BV45) -> 3 | CF45: =SUM(BG45:BV45,AY45:BE45) -> 0 | CG45: =CF45/CE45 -> 0 | CH45: St. Francis
A46: 12-N-16 | B46: Dent | C46: AR | D46: 3SF0033 | E46: St Francis | F46: 477 | G46: 06N/05E/24 | H46: 3888590 | I46: 727000 | J46: 15 | T46: 0 | U46: 0 | V46: 0 | W46: 0 | Y46: 0 | Z46: 0 | AA46: 0 | AC46: 0 | AD46: 65 | AE46: 33 | AF46: 3 | AG46: 0 | AH46: 0 | AJ46: 0 | AL46: 0 | AM46: 0 | AN46: 0 | AP46: 0 | AQ46: 0 | AR46: 0 | AS46: 0 | AT46: 0 | AV46: 0 | AW46: 0 | AX46: 8 | AY46: 0 | AZ46: 0 | BA46: 0 | BB46: 0 | BC46: 0 | BD46: 0 | BE46: 0 | BF46: 0 | BG46: 0 | BH46: 0 | BI46: 0 | BJ46: 0 | BK46: 0 | BL46: 0 | BM46: 0 | BN46: 0 | BO46: 0 | BR46: 0 | BS46: 0 | BT46: 0 | BV46: 0 | BZ46: =SUM(T46:BY46) -> 109 | CA46: D | CC46: =SUM(BG46:BV46,AE46:AW46,AY46:BE46,T46:AC46)/BZ46 -> 0.33027523 | CD46: =BZ46-SUM(BF46,AX46,AW46,AD46,W46) -> 36 | CE46: =SUM(AX46:BV46) -> 8 | CF46: =SUM(BG46:BV46,AY46:BE46) -> 0 | CG46: =CF46/CE46 -> 0 | CH46: St. Francis
A47: 12-N-2 | B47: Manly | C47: AR | D47: 3SF0025 | E47: St Francis | F47: 459 | G47: 05N/04E/18 | H47: 3880450 | I47: 708240 | J47: 15 | L47: Small village site | M47: Motz, Phillips | N47: 14689 | T47: 0 | U47: 0 | V47: 0 | W47: 0 | Y47: 0 | Z47: 0 | AA47: 0 | AC47: 0 | AD47: 4 | AE47: 1 | AF47: 0 | AG47: 0 | AH47: 0 | AJ47: 0 | AL47: 0 | AM47: 0 | AN47: 0 | AP47: 0 | AQ47: 0 | AR47: 0 | AS47: 0 | AT47: 0 | AV47: 0 | AW47: 0 | AX47: 192 | AY47: 27 | AZ47: 0 | BA47: 0 | BB47: 0 | BC47: 1 | BD47: 2 | BE47: 0 | BF47: 16 | BG47: 0 | BH47: 0 | BI47: 0 | BJ47: 0 | BK47: 0 | BL47: 10 | BM47: 0 | BN47: 0 | BO47: 0 | BR47: 0 | BS47: 0 | BT47: 0 | BV47: 0 | BZ47: =SUM(T47:BY47) -> 253 | CA47: A | CC47: =SUM(BG47:BV47,AE47:AW47,AY47:BE47,T47:AC47)/BZ47 -> 0.16205534 | CD47: =BZ47-SUM(BF47,AX47,AW47,AD47,W47) -> 41 | CE47: =SUM(AX47:BV47) -> 248 | CF47: =SUM(BG47:BV47,AY47:BE47) -> 40 | CG47: =CF47/CE47 -> 0.16129032 | CH47: St. Francis
A48: 12-N-3/A&B | B48: Rose Mound | C48: AR | D48: 3CS0027 | E48: Cross | F48: 694 | G48: 07N/05E/18 | H48: 3901650 | I48: 717460 | J48: 15 | L48: Large rectangular town site of St. Francis type | M48: Phillips, Ford | N48: 14698 | O48: map | T48: 0 | U48: 0 | V48: 0 | W48: 0 | Y48: 0 | Z48: 0 | AA48: 0 | AC48: 0 | AD48: 3 | AE48: 2 | AF48: 0 | AG48: 0 | AH48: 0 | AJ48: 0 | AL48: 0 | AM48: 0 | AN48: 0 | AP48: 0 | AQ48: 0 | AR48: 0 | AS48: 0 | AT48: 0 | AV48: 0 | AW48: 1 | AX48: 1123 | AY48: 154 | AZ48: 62 | BA48: 1 | BB48: 1 | BC48: 1 | BD48: 0 | BE48: 0 | BF48: 35 | BG48: 1 | BH48: 0 | BI48: 0 | BJ48: 0 | BK48: 0 | BL48: 22 | BM48: 0 | BN48: 0 | BO48: 0 | BR48: 0 | BS48: 0 | BT48: 0 | BV48: 0 | BZ48: =SUM(T48:BY48) -> 1406 | CA48: A | CC48: =SUM(BG48:BV48,AE48:AW48,AY48:BE48,T48:AC48)/BZ48 -> 0.1742532 | CD48: =BZ48-SUM(BF48,AX48,AW48,AD48,W48) -> 244 | CE48: =SUM(AX48:BV48) -> 1400 | CF48: =SUM(BG48:BV48,AY48:BE48) -> 242 | CG48: =CF48/CE48 -> 0.17285714 | CH48: St. Francis
A49: 12-N-3/C | B49: Rose Mound | C49: AR | D49: 3CS0027 | E49: Cross | F49: 694 | G49: 07N/05E/18 | H49: 3901650 | I49: 717460 | J49: 15 | L49: Large rectangular town site of St. Francis type | M49: Phillips, Ford | N49: 14698 | O49: map | T49: 0 | U49: 0 | V49: 0 | W49: 0 | Y49: 0 | Z49: 0 | AA49: 0 | AC49: 0 | AD49: 48 | AE49: 27 | AF49: 0 | AG49: 0 | AH49: 0 | AJ49: 0 | AL49: 0 | AM49: 0 | AN49: 0 | AP49: 0 | AQ49: 0 | AR49: 0 | AS49: 0 | AT49: 0 | AV49: 0 | AW49: 0 | AX49: 193 | AY49: 0 | AZ49: 1 | BA49: 0 | BB49: 0 | BC49: 0 | BD49: 0 | BE49: 0 | BF49: 2 | BG49: 1 | BH49: 0 | BI49: 0 | BJ49: 0 | BK49: 0 | BL49: 1 | BM49: 0 | BN49: 0 | BO49: 0 | BR49: 0 | BS49: 0 | BT49: 0 | BV49: 0 | BZ49: =SUM(T49:BY49) -> 273 | CA49: B | CC49: =SUM(BG49:BV49,AE49:AW49,AY49:BE49,T49:AC49)/BZ49 -> 0.10989011 | CD49: =BZ49-SUM(BF49,AX49,AW49,AD49,W49) -> 30 | CE49: =SUM(AX49:BV49) -> 198 | CF49: =SUM(BG49:BV49,AY49:BE49) -> 3 | CG49: =CF49/CE49 -> 0.015151515 | CH49: St. Francis
A50: 12-N-4 | B50: Big Eddy | C50: AR | D50: 3SF0009 | E50: St Francis | F50: 459 | G50: 06N/04E/20 | H50: 3888750 | I50: =LOOKUP(A50,'[1]AMASDA DATA'!B42:B218,'[1]AMASDA DATA'!I42:I218) -> 710000 | J50: 15 | L50: Mounds and village site | M50: Phillips, Motz | N50: 14689 | O50: map | T50: 0 | U50: 0 | V50: 0 | W50: 0 | Y50: 0 | Z50: 0 | AA50: 0 | AC50: 0 | AD50: 1 | AE50: 0 | AF50: 0 | AG50: 1 | AH50: 0 | AJ50: 0 | AL50: 0 | AM50: 0 | AN50: 0 | AP50: 0 | AQ50: 0 | AR50: 0 | AS50: 0 | AT50: 0 | AV50: 0 | AW50: 1 | AX50: 486 | AY50: 48 | AZ50: 71 | BA50: 0 | BB50: 0 | BC50: 1 | BD50: 0 | BE50: 0 | BF50: 6 | BG50: 6 | BH50: 1 | BI50: 0 | BJ50: 0 | BK50: 0 | BL50: 100 | BM50: 0 | BN50: 0 | BO50: 2 | BR50: 0 | BS50: 0 | BT50: 0 | BV50: 0 | BZ50: =SUM(T50:BY50) -> 724 | CA50: A | CC50: =SUM(BG50:BV50,AE50:AW50,AY50:BE50,T50:AC50)/BZ50 -> 0.31906077 | CD50: =BZ50-SUM(BF50,AX50,AW50,AD50,W50) -> 230 | CE50: =SUM(AX50:BV50) -> 721 | CF50: =SUM(BG50:BV50,AY50:BE50) -> 229 | CG50: =CF50/CE50 -> 0.31761442 | CH50: St. Francis
A51: 12-N-5 | B51: Welshans | C51: AR | D51: 3CS0073 | E51: Cross | F51: 465 | G51: 07N/04E/15 | H51: 3900660 | I51: 712820 | J51: 15 | L51: Mounds and village site | M51: Phillips, Ford | N51: 14698 | O51: map | T51: 0 | U51: 0 | V51: 0 | W51: 0 | Y51: 0 | Z51: 0 | AA51: 0 | AC51: 0 | AD51: 116 | AE51: 50 | AF51: 0 | AG51: 0 | AH51: 0 | AJ51: 0 | AL51: 0 | AM51: 0 | AN51: 0 | AP51: 0 | AQ51: 0 | AR51: 0 | AS51: 0 | AT51: 0 | AV51: 0 | AW51: 0 | AX51: 505 | AY51: 5 | AZ51: 9 | BA51: 0 | BB51: 0 | BC51: 0 | BD51: 0 | BE51: 0 | BF51: 5 | BG51: 0 | BH51: 0 | BI51: 0 | BJ51: 0 | BK51: 0 | BL51: 8 | BM51: 0 | BN51: 0 | BO51: 0 | BR51: 0 | BS51: 0 | BT51: 0 | BV51: 0 | BZ51: =SUM(T51:BY51) -> 698 | CA51: B | CC51: =SUM(BG51:BV51,AE51:AW51,AY51:BE51,T51:AC51)/BZ51 -> 0.10315186 | CD51: =BZ51-SUM(BF51,AX51,AW51,AD51,W51) -> 72 | CE51: =SUM(AX51:BV51) -> 532 | CF51: =SUM(BG51:BV51,AY51:BE51) -> 22 | CG51: =CF51/CE51 -> 0.041353383 | CH51: St. Francis
A52: 12-N-6 | B52: Westmorland | C52: AR | D52: 3CS0074 | E52: Cross | F52: 465 | G52: 07/4E/23 | H52: 3898930 | I52: 714520 | J52: 15 | L52: Group of small mounds | M52: Phillips, Ford | N52: 14698 | O52: map | T52: 0 | U52: 0 | V52: 0 | W52: 0 | Y52: 0 | Z52: 0 | AA52: 0 | AC52: 0 | AD52: 172 | AE52: 20 | AF52: 0 | AG52: 0 | AH52: 0 | AJ52: 0 | AL52: 0 | AM52: 0 | AN52: 0 | AP52: 0 | AQ52: 0 | AR52: 0 | AS52: 0 | AT52: 0 | AV52: 0 | AW52: 0 | AX52: 28 | AY52: 0 | AZ52: 0 | BA52: 0 | BB52: 0 | BC52: 0 | BD52: 0 | BE52: 0 | BF52: 3 | BG52: 0 | BH52: 0 | BI52: 0 | BJ52: 0 | BK52: 0 | BL52: 0 | BM52: 0 | BN52: 0 | BO52: 0 | BR52: 0 | BS52: 0 | BT52: 0 | BV52: 0 | BZ52: =SUM(T52:BY52) -> 223 | CA52: D | CC52: =SUM(BG52:BV52,AE52:AW52,AY52:BE52,T52:AC52)/BZ52 -> 0.089686099 | CD52: =BZ52-SUM(BF52,AX52,AW52,AD52,W52) -> 20 | CE52: =SUM(AX52:BV52) -> 31 | CF52: =SUM(BG52:BV52,AY52:BE52) -> 0 | CG52: =CF52/CE52 -> 0 | CH52: St. Francis
A53: 12-N-7 | B53: Lansing | C53: AR | D53: 3CS0075 | E53: Cross | F53: 694 | G53: 06N/05E/5 | H53: 3894330 | I53: 720150 | J53: 15 | L53: Group of small house mounds | M53: Phillips, Griffin, Ford | N53: 14703 | O53: collection from someone else | T53: 0 | U53: 0 | V53: 0 | W53: 0 | Y53: 0 | Z53: 0 | AA53: 0 | AC53: 0 | AD53: 460 | AE53: 17 | AF53: 0 | AG53: 0 | AH53: 0 | AJ53: 0 | AL53: 0 | AM53: 0 | AN53: 0 | AP53: 0 | AQ53: 0 | AR53: 0 | AS53: 0 | AT53: 0 | AV53: 0 | AW53: 1 | AX53: 9 | AY53: 0 | AZ53: 1 | BA53: 0 | BB53: 0 | BC53: 0 | BD53: 0 | BE53: 0 | BF53: 0 | BG53: 0 | BH53: 0 | BI53: 0 | BJ53: 0 | BK53: 0 | BL53: 0 | BM53: 0 | BN53: 0 | BO53: 0 | BR53: 0 | BS53: 0 | BT53: 0 | BV53: 0 | BZ53: =SUM(T53:BY53) -> 488 | CA53: C | CC53: =SUM(BG53:BV53,AE53:AW53,AY53:BE53,T53:AC53)/BZ53 -> 0.038934426 | CD53: =BZ53-SUM(BF53,AX53,AW53,AD53,W53) -> 18 | CE53: =SUM(AX53:BV53) -> 10 | CF53: =SUM(BG53:BV53,AY53:BE53) -> 1 | CG53: =CF53/CE53 -> 0.1 | CH53: St. Francis
A54: 12-N-8 | B54: Beckles | C54: AR | D54: 3CS0076 | E54: Cross | F54: 694 | G54: 07N/05E/33 | H54: 3896200 | I54: 721340 | J54: 15 | L54: Low mound | M54: Ford, Phillips, Griffin | N54: 14721 | T54: 0 | U54: 0 | V54: 0 | W54: 0 | Y54: 0 | Z54: 0 | AA54: 0 | AC54: 0 | AD54: 23 | AE54: 0 | AF54: 0 | AG54: 0 | AH54: 0 | AJ54: 0 | AL54: 0 | AM54: 0 | AN54: 0 | AP54: 0 | AQ54: 0 | AR54: 0 | AS54: 0 | AT54: 0 | AV54: 0 | AW54: 0 | AX54: 0 | AY54: 0 | AZ54: 0 | BA54: 0 | BB54: 0 | BC54: 0 | BD54: 0 | BE54: 0 | BF54: 0 | BG54: 0 | BH54: 0 | BI54: 0 | BJ54: 0 | BK54: 0 | BL54: 0 | BM54: 0 | BN54: 0 | BO54: 0 | BR54: 0 | BS54: 0 | BT54: 0 | BV54: 0 | BZ54: =SUM(T54:BY54) -> 23 | CA54: ?? | CC54: =SUM(BG54:BV54,AE54:AW54,AY54:BE54,T54:AC54)/BZ54 -> 0 | CD54: =BZ54-SUM(BF54,AX54,AW54,AD54,W54) -> 0 | CE54: =SUM(AX54:BV54) -> 0 | CF54: =SUM(BG54:BV54,AY54:BE54) -> 0 | CG54: =CF54/CE54 -> #DIV/0! | CH54: St. Francis
A55: 12-N-9 | B55: Burns | C55: AR | D55: 3LE0013 | E55: Lee | F55: 416 | G55: 02N/05E/18 | H55: 3851260 | I55: 717650 | J55: 15 | L55: Small mound | M55: Ford, Griffin, Phillips | N55: 14703 | T55: 0 | U55: 0 | V55: 0 | W55: 0 | Y55: 0 | Z55: 0 | AA55: 0 | AC55: 0 | AD55: 49 | AE55: 127 | AF55: 0 | AG55: 0 | AH55: 0 | AJ55: 0 | AL55: 2 | AM55: 0 | AN55: 0 | AP55: 0 | AQ55: 0 | AR55: 0 | AS55: 0 | AT55: 0 | AV55: 0 | AW55: 0 | AX55: 3 | AY55: 0 | AZ55: 0 | BA55: 0 | BB55: 0 | BC55: 0 | BD55: 0 | BE55: 0 | BF55: 0 | BG55: 0 | BH55: 0 | BI55: 0 | BJ55: 0 | BK55: 0 | BL55: 0 | BM55: 0 | BN55: 0 | BO55: 0 | BR55: 0 | BS55: 0 | BT55: 0 | BV55: 0 | BZ55: =SUM(T55:BY55) -> 181 | CA55: D | CC55: =SUM(BG55:BV55,AE55:AW55,AY55:BE55,T55:AC55)/BZ55 -> 0.71270718 | CD55: =BZ55-SUM(BF55,AX55,AW55,AD55,W55) -> 129 | CE55: =SUM(AX55:BV55) -> 3 | CF55: =SUM(BG55:BV55,AY55:BE55) -> 0 | CG55: =CF55/CE55 -> 0 | CH55: St. Francis
A56: 12-O-1 | B56: Turner | C56: AR | D56: 3CT0032 | E56: Crittenden | F56: 975 | G56: 06N/07/36 | H56: 3887490 | I56: 746480 | J56: 15 | L56: Single house mound | M56: Griffin, Ford | N56: 14716 | O56: map | T56: 0 | U56: 0 | V56: 0 | W56: 0 | Y56: 0 | Z56: 0 | AA56: 0 | AC56: 0 | AD56: 40 | AE56: 2 | AF56: 0 | AG56: 0 | AH56: 0 | AJ56: 0 | AL56: 0 | AM56: 0 | AN56: 0 | AP56: 0 | AQ56: 0 | AR56: 0 | AS56: 0 | AT56: 0 | AV56: 0 | AW56: 0 | AX56: 351 | AY56: 1 | AZ56: 19 | BA56: 0 | BB56: 0 | BC56: 0 | BD56: 0 | BE56: 0 | BF56: 78 | BG56: 0 | BH56: 0 | BI56: 0 | BJ56: 0 | BK56: 4 | BL56: 1 | BM56: 0 | BN56: 0 | BO56: 1 | BR56: 0 | BS56: 0 | BT56: 0 | BV56: 0 | BZ56: =SUM(T56:BY56) -> 497 | CA56: B | CC56: =SUM(BG56:BV56,AE56:AW56,AY56:BE56,T56:AC56)/BZ56 -> 0.056338028 | CD56: =BZ56-SUM(BF56,AX56,AW56,AD56,W56) -> 28 | CE56: =SUM(AX56:BV56) -> 455 | CF56: =SUM(BG56:BV56,AY56:BE56) -> 26 | CG56: =CF56/CE56 -> 0.057142857 | CH56: Memphis
A57: 12-O-2 | B57: Pouncey | C57: AR | D57: 3CT0034 | E57: Crittenden | F57: 975 | G57: 05N/07E/28 | H57: 3878800 | I57: 741000 | J57: 15 | T57: 0 | U57: 0 | V57: 0 | W57: 0 | Y57: 0 | Z57: 0 | AA57: 0 | AC57: 0 | AD57: 98 | AE57: 25 | AF57: 15 | AG57: 0 | AH57: 0 | AJ57: 0 | AL57: 0 | AM57: 0 | AN57: 0 | AP57: 0 | AQ57: 0 | AR57: 0 | AS57: 0 | AT57: 0 | AV57: 3 | AW57: 0 | AX57: 247 | AY57: 40 | AZ57: 11 | BA57: 0 | BB57: 0 | BC57: 0 | BD57: 0 | BE57: 0 | BF57: 132 | BG57: 6 | BH57: 0 | BI57: 2 | BJ57: 1 | BK57: 0 | BL57: 0 | BM57: 0 | BN57: 0 | BO57: 0 | BR57: 0 | BS57: 0 | BT57: 0 | BV57: 0 | BZ57: =SUM(T57:BY57) -> 580 | CA57: B | CC57: =SUM(BG57:BV57,AE57:AW57,AY57:BE57,T57:AC57)/BZ57 -> 0.17758621 | CD57: =BZ57-SUM(BF57,AX57,AW57,AD57,W57) -> 103 | CE57: =SUM(AX57:BV57) -> 439 | CF57: =SUM(BG57:BV57,AY57:BE57) -> 60 | CG57: =CF57/CE57 -> 0.13667426 | CH57: Memphis
A58: 12-O-2/D | B58: Pouncey | C58: AR | D58: 3CT0034 | E58: Crittenden | F58: 975 | G58: 05N/07E/28 | H58: 3878800 | I58: 741000 | J58: 15 | T58: 0 | U58: 0 | V58: 0 | W58: 0 | Y58: 0 | Z58: 0 | AA58: 0 | AC58: 0 | AD58: 367 | AE58: 51 | AF58: 45 | AG58: 0 | AH58: 0 | AJ58: 0 | AL58: 0 | AM58: 0 | AN58: 0 | AP58: 0 | AQ58: 0 | AR58: 0 | AS58: 0 | AT58: 0 | AV58: 1 | AW58: 0 | AX58: 8 | AY58: 0 | AZ58: 0 | BA58: 0 | BB58: 0 | BC58: 0 | BD58: 0 | BE58: 0 | BF58: 13 | BG58: 0 | BH58: 0 | BI58: 0 | BJ58: 0 | BK58: 0 | BL58: 2 | BM58: 0 | BN58: 0 | BO58: 0 | BR58: 0 | BS58: 0 | BT58: 0 | BV58: 0 | BZ58: =SUM(T58:BY58) -> 487 | CA58: D | CC58: =SUM(BG58:BV58,AE58:AW58,AY58:BE58,T58:AC58)/BZ58 -> 0.20328542 | CD58: =BZ58-SUM(BF58,AX58,AW58,AD58,W58) -> 99 | CE58: =SUM(AX58:BV58) -> 23 | CF58: =SUM(BG58:BV58,AY58:BE58) -> 2 | CG58: =CF58/CE58 -> 0.086956522 | CH58: Memphis
A59: 12-O-3 | B59: Thompson Lake | C59: AR | D59: 3SF0036 | E59: St Francis | F59: 920 | G59: 05N/06E/35 | H59: 3877520 | I59: 735360 | J59: 15 | L59: Two mounds and village site | M59: Griffin, Ford | N59: 14716 | O59: map | T59: 0 | U59: 0 | V59: 0 | W59: 0 | Y59: 0 | Z59: 0 | AA59: 0 | AC59: 0 | AD59: 110 | AE59: 150 | AF59: 0 | AG59: 0 | AH59: 0 | AJ59: 0 | AL59: 0 | AM59: 0 | AN59: 0 | AP59: 0 | AQ59: 0 | AR59: 0 | AS59: 0 | AT59: 0 | AV59: 0 | AW59: 0 | AX59: 1 | AY59: 0 | AZ59: 1 | BA59: 0 | BB59: 0 | BC59: 0 | BD59: 0 | BE59: 0 | BF59: 3 | BG59: 0 | BH59: 0 | BI59: 0 | BJ59: 0 | BK59: 0 | BL59: 0 | BM59: 0 | BN59: 0 | BO59: 0 | BR59: 0 | BS59: 0 | BT59: 0 | BV59: 0 | BZ59: =SUM(T59:BY59) -> 265 | CA59: D | CB59: What is wrong with this? It is included in the distribution of M.C.C.M | CC59: =SUM(BG59:BV59,AE59:AW59,AY59:BE59,T59:AC59)/BZ59 -> 0.56981132 | CD59: =BZ59-SUM(BF59,AX59,AW59,AD59,W59) -> 151 | CE59: =SUM(AX59:BV59) -> 5 | CF59: =SUM(BG59:BV59,AY59:BE59) -> 1 | CG59: =CF59/CE59 -> 0.2 | CH59: Memphis
A60: 12-O-4 | B60: Davis Place | C60: AR | D60: 3SF0037 | E60: St Francis | F60: 920 | G60: 05N/06E/26 | H60: 3878460 | I60: 734540 | J60: 15 | L60: Mound group | M60: Ford, Griffin | N60: 14716 | O60: map | T60: 0 | U60: 0 | V60: 0 | W60: 0 | Y60: 0 | Z60: 0 | AA60: 0 | AC60: 0 | AD60: 273 | AE60: 97 | AF60: 16 | AG60: 0 | AH60: 0 | AJ60: 0 | AL60: 0 | AM60: 0 | AN60: 0 | AP60: 0 | AQ60: 0 | AR60: 0 | AS60: 0 | AT60: 0 | AV60: 1 | AW60: 0 | AX60: 6 | AY60: 0 | AZ60: 0 | BA60: 0 | BB60: 0 | BC60: 0 | BD60: 0 | BE60: 0 | BF60: 0 | BG60: 0 | BH60: 0 | BI60: 0 | BJ60: 0 | BK60: 0 | BL60: 3 | BM60: 0 | BN60: 0 | BO60: 0 | BR60: 0 | BS60: 0 | BT60: 0 | BV60: 0 | BZ60: =SUM(T60:BY60) -> 396 | CA60: D | CC60: =SUM(BG60:BV60,AE60:AW60,AY60:BE60,T60:AC60)/BZ60 -> 0.29545455 | CD60: =BZ60-SUM(BF60,AX60,AW60,AD60,W60) -> 117 | CE60: =SUM(AX60:BV60) -> 9 | CF60: =SUM(BG60:BV60,AY60:BE60) -> 3 | CG60: =CF60/CE60 -> 0.33333333 | CH60: Memphis
A61: 12-O-5 | B61: Cramor Place | C61: AR | D61: 3SF0038 | E61: St Francis | F61: 920 | G61: 05N/06E/32 | H61: 3876440 | I61: 729450 | J61: 15 | L61: Village site of St. Francis | M61: Ford | N61: 14716 | O61: Plane Table Map | T61: 0 | U61: 0 | V61: 0 | W61: 0 | Y61: 0 | Z61: 0 | AA61: 0 | AC61: 0 | AD61: 6 | AE61: 10 | AF61: 0 | AG61: 3 | AH61: 0 | AJ61: 0 | AL61: 0 | AM61: 0 | AN61: 0 | AP61: 0 | AQ61: 0 | AR61: 0 | AS61: 0 | AT61: 0 | AV61: 0 | AW61: 0 | AX61: 814 | AY61: 91 | AZ61: 27 | BA61: 1 | BB61: 0 | BC61: 3 | BD61: 0 | BE61: 0 | BF61: 56 | BG61: 9 | BH61: 0 | BI61: 0 | BJ61: 0 | BK61: 0 | BL61: 7 | BM61: 0 | BN61: 0 | BO61: 0 | BR61: 0 | BS61: 0 | BT61: 0 | BV61: 0 | BZ61: =SUM(T61:BY61) -> 1027 | CA61: B | CC61: =SUM(BG61:BV61,AE61:AW61,AY61:BE61,T61:AC61)/BZ61 -> 0.14703019 | CD61: =BZ61-SUM(BF61,AX61,AW61,AD61,W61) -> 151 | CE61: =SUM(AX61:BV61) -> 1008 | CF61: =SUM(BG61:BV61,AY61:BE61) -> 138 | CG61: =CF61/CE61 -> 0.13690476 | CH61: Memphis
A62: 12-O-6 | B62: Brackinseed Place (Brackenseik) | C62: AR | D62: 3CT0003 | E62: Crittenden | F62: 975 | G62: 05N/08E/17 | H62: 3881800 | I62: 749500 | J62: 15 | L62: Large Rectangular Mound | M62: Ford | N62: 14717 | O62: map | T62: 0 | U62: 0 | V62: 0 | W62: 0 | Y62: 0 | Z62: 0 | AA62: 0 | AC62: 0 | AD62: 6 | AE62: 0 | AF62: 0 | AG62: 0 | AH62: 0 | AJ62: 0 | AL62: 0 | AM62: 0 | AN62: 0 | AP62: 0 | AQ62: 0 | AR62: 0 | AS62: 0 | AT62: 0 | AV62: 0 | AW62: 0 | AX62: 30 | AY62: 1 | AZ62: 1 | BA62: 0 | BB62: 0 | BC62: 1 | BD62: 0 | BE62: 0 | BF62: 46 | BG62: 3 | BH62: 0 | BI62: 1 | BJ62: 0 | BK62: 0 | BL62: 0 | BM62: 0 | BN62: 0 | BO62: 0 | BR62: 0 | BS62: 0 | BT62: 0 | BV62: 0 | BZ62: =SUM(T62:BY62) -> 89 | CA62: B | CC62: =SUM(BG62:BV62,AE62:AW62,AY62:BE62,T62:AC62)/BZ62 -> 0.078651685 | CD62: =BZ62-SUM(BF62,AX62,AW62,AD62,W62) -> 7 | CE62: =SUM(AX62:BV62) -> 83 | CF62: =SUM(BG62:BV62,AY62:BE62) -> 7 | CG62: =CF62/CE62 -> 0.084337349 | CH62: Memphis
A63: 12-P-1 | B63: Mound Place | C63: AR | D63: 3CT0001 | E63: Crittenden | F63: 261 | G63: 05N/08E/3 | H63: 3885300 | I63: 751720 | J63: 15 | L63: Mounds and village site | M63: Ford | N63: 14717 | O63: map | T63: 0 | U63: 0 | V63: 0 | W63: 0 | Y63: 0 | Z63: 0 | AA63: 0 | AC63: 0 | AD63: 25 | AE63: 9 | AF63: 0 | AG63: 0 | AH63: 0 | AJ63: 0 | AL63: 0 | AM63: 0 | AN63: 0 | AP63: 0 | AQ63: 0 | AR63: 0 | AS63: 0 | AT63: 0 | AV63: 1 | AW63: 4 | AX63: 1193 | AY63: 97 | AZ63: 33 | BA63: 7 | BB63: 0 | BC63: 1 | BD63: 0 | BE63: 0 | BF63: 1817 | BG63: 1 | BH63: 5 | BI63: 5 | BJ63: 0 | BK63: 3 | BL63: 14 | BM63: 0 | BN63: 0 | BO63: 2 | BR63: 0 | BS63: 0 | BT63: 0 | BV63: 0 | BZ63: =SUM(T63:BY63) -> 3217 | CA63: A | CC63: =SUM(BG63:BV63,AE63:AW63,AY63:BE63,T63:AC63)/BZ63 -> 0.056574448 | CD63: =BZ63-SUM(BF63,AX63,AW63,AD63,W63) -> 178 | CE63: =SUM(AX63:BV63) -> 3178 | CF63: =SUM(BG63:BV63,AY63:BE63) -> 168 | CG63: =CF63/CE63 -> 0.052863436 | CH63: Memphis
A64: 12-P-2 | B64: Shelby Place | C64: TN | D64: 3MS0056 | E64: Mississippi | F64: 93 | G64: 11N/09E/25 | H64: 3896399 | I64: 753963 | J64: 15 | T64: 0 | U64: 0 | V64: 0 | W64: 0 | Y64: 0 | Z64: 0 | AA64: 0 | AC64: 0 | AD64: 15 | AE64: 0 | AF64: 0 | AG64: 0 | AH64: 0 | AJ64: 0 | AL64: 0 | AM64: 0 | AN64: 0 | AP64: 0 | AQ64: 0 | AR64: 0 | AS64: 0 | AT64: 0 | AV64: 0 | AW64: 0 | AX64: 131 | AY64: 30 | AZ64: 11 | BA64: 1 | BB64: 1 | BC64: 1 | BD64: 0 | BE64: 0 | BF64: 288 | BG64: 2 | BH64: 5 | BI64: 4 | BJ64: 2 | BK64: 0 | BL64: 5 | BM64: 0 | BN64: 0 | BO64: 0 | BR64: 0 | BS64: 0 | BT64: 0 | BV64: 0 | BZ64: =SUM(T64:BY64) -> 496 | CA64: A | CC64: =SUM(BG64:BV64,AE64:AW64,AY64:BE64,T64:AC64)/BZ64 -> 0.125 | CD64: =BZ64-SUM(BF64,AX64,AW64,AD64,W64) -> 62 | CE64: =SUM(AX64:BV64) -> 481 | CF64: =SUM(BG64:BV64,AY64:BE64) -> 62 | CG64: =CF64/CE64 -> 0.12889813 | CH64: Memphis
A65: 13-M-1 | B65: Hughes | C65: AR | D65: 3LE0004 | E65: Lee | F65: 352 | G65: 03N/03E/10 | H65: 3861600 | I65: 702850 | J65: 15 | L65: Mounds and village site | M65: Motz, Phillips | N65: 14688 | O65: map | T65: 0 | U65: 0 | V65: 0 | W65: 0 | Y65: 0 | Z65: 0 | AA65: 0 | AC65: 0 | AD65: 740 | AE65: 69 | AF65: 0 | AG65: 0 | AH65: 0 | AJ65: 1 | AL65: 0 | AM65: 0 | AN65: 0 | AP65: 2 | AQ65: 0 | AR65: 0 | AS65: 0 | AT65: 0 | AV65: 3 | AW65: 0 | AX65: 4 | AY65: 0 | AZ65: 0 | BA65: 0 | BB65: 0 | BC65: 0 | BD65: 0 | BE65: 0 | BF65: 2 | BG65: 0 | BH65: 0 | BI65: 0 | BJ65: 0 | BK65: 0 | BL65: 0 | BM65: 0 | BN65: 0 | BO65: 0 | BR65: 0 | BS65: 0 | BT65: 0 | BV65: 0 | BZ65: =SUM(T65:BY65) -> 821 | CA65: D | CC65: =SUM(BG65:BV65,AE65:AW65,AY65:BE65,T65:AC65)/BZ65 -> 0.09135201 | CD65: =BZ65-SUM(BF65,AX65,AW65,AD65,W65) -> 75 | CE65: =SUM(AX65:BV65) -> 6 | CF65: =SUM(BG65:BV65,AY65:BE65) -> 0 | CG65: =CF65/CE65 -> 0 | CH65: Memphis
A66: 13-N-1 | B66: Sudan Cemetery | C66: AR | D66: 3SF0004 | E66: St Francis | F66: 123 | G66: 04N/05E/11 | H66: 3871500 | I66: 724350 | J66: 15 | L66: Remnants of two low mounds | M66: Phillips, Ford | N66: 14684 | O66: map | T66: 0 | U66: 0 | V66: 0 | W66: 0 | Y66: 0 | Z66: 0 | AA66: 0 | AC66: 0 | AD66: 1 | AE66: 1 | AF66: 0 | AG66: 0 | AH66: 0 | AJ66: 0 | AL66: 0 | AM66: 0 | AN66: 0 | AP66: 0 | AQ66: 0 | AR66: 0 | AS66: 0 | AT66: 0 | AV66: 0 | AW66: 0 | AX66: 18 | AY66: 3 | AZ66: 1 | BA66: 0 | BB66: 0 | BC66: 0 | BD66: 0 | BE66: 0 | BF66: 1 | BG66: 1 | BH66: 0 | BI66: 0 | BJ66: 0 | BK66: 0 | BL66: 0 | BM66: 0 | BN66: 0 | BO66: 0 | BR66: 0 | BS66: 0 | BT66: 0 | BV66: 0 | BZ66: =SUM(T66:BY66) -> 26 | CA66: ?? | CC66: =SUM(BG66:BV66,AE66:AW66,AY66:BE66,T66:AC66)/BZ66 -> 0.23076923 | CD66: =BZ66-SUM(BF66,AX66,AW66,AD66,W66) -> 6 | CE66: =SUM(AX66:BV66) -> 24 | CF66: =SUM(BG66:BV66,AY66:BE66) -> 5 | CG66: =CF66/CE66 -> 0.20833333 | CH66: Memphis
A67: 13-N-10 | B67: Taylor | C67: AR | D67: 3LE0014 | E67: Lee | F67: 416 | G67: 02N/05E/1 | H67: 3855100 | I67: 726680 | J67: 15 | L67: Low mound and village site | M67: Griffin, Motz | N67: 14684 | T67: 0 | U67: 0 | V67: 0 | W67: 0 | Y67: 0 | Z67: 0 | AA67: 0 | AC67: 0 | AD67: 0 | AE67: 0 | AF67: 0 | AG67: 0 | AH67: 0 | AJ67: 0 | AL67: 0 | AM67: 0 | AN67: 0 | AP67: 0 | AQ67: 0 | AR67: 0 | AS67: 0 | AT67: 0 | AV67: 0 | AW67: 0 | AX67: 3 | AY67: 0 | AZ67: 2 | BA67: 0 | BB67: 0 | BC67: 0 | BD67: 0 | BE67: 0 | BF67: 2 | BG67: 0 | BH67: 0 | BI67: 0 | BJ67: 0 | BK67: 0 | BL67: 0 | BM67: 0 | BN67: 0 | BO67: 5 | BR67: 0 | BS67: 0 | BT67: 0 | BV67: 0 | BZ67: =SUM(T67:BY67) -> 12 | CA67: ?? | CC67: =SUM(BG67:BV67,AE67:AW67,AY67:BE67,T67:AC67)/BZ67 -> 0.58333333 | CD67: =BZ67-SUM(BF67,AX67,AW67,AD67,W67) -> 7 | CE67: =SUM(AX67:BV67) -> 12 | CF67: =SUM(BG67:BV67,AY67:BE67) -> 7 | CG67: =CF67/CE67 -> 0.58333333 | CH67: Memphis
A68: 13-N-11 | B68: Grant Place | C68: AR | D68: 3LE0015 | E68: Lee | F68: 416 | G68: 02N/05E/19 | H68: 3848720 | I68: 718180 | J68: 15 | L68: Altered mound and village site | M68: Ford, Griffin | N68: 14689 | O68: map | T68: 0 | U68: 0 | V68: 0 | W68: 0 | Y68: 0 | Z68: 0 | AA68: 0 | AC68: 0 | AD68: 57 | AE68: 1 | AF68: 0 | AG68: 0 | AH68: 0 | AJ68: 0 | AL68: 0 | AM68: 0 | AN68: 0 | AP68: 0 | AQ68: 0 | AR68: 0 | AS68: 0 | AT68: 0 | AV68: 0 | AW68: 0 | AX68: 373 | AY68: 11 | AZ68: 28 | BA68: 2 | BB68: 0 | BC68: 0 | BD68: 0 | BE68: 0 | BF68: 49 | BG68: 0 | BH68: 0 | BI68: 0 | BJ68: 0 | BK68: 0 | BL68: 52 | BM68: 0 | BN68: 0 | BO68: 0 | BR68: 0 | BS68: 0 | BT68: 0 | BV68: 0 | BZ68: =SUM(T68:BY68) -> 573 | CA68: C | CC68: =SUM(BG68:BV68,AE68:AW68,AY68:BE68,T68:AC68)/BZ68 -> 0.16404887 | CD68: =BZ68-SUM(BF68,AX68,AW68,AD68,W68) -> 94 | CE68: =SUM(AX68:BV68) -> 515 | CF68: =SUM(BG68:BV68,AY68:BE68) -> 93 | CG68: =CF68/CE68 -> 0.18058252 | CH68: Memphis
A69: 13-N-12 | B69: Murdock | C69: AR | D69: 3LE0016 | E69: Lee | F69: 416 | G69: 02N/05E/1 | H69: 3854080 | I69: 725340 | J69: 15 | L69: Mounds and village site | M69: Griffin, Motz | N69: 14684 | O69: map | T69: 0 | U69: 0 | V69: 0 | W69: 0 | Y69: 0 | Z69: 0 | AA69: 0 | AC69: 0 | AD69: 101 | AE69: 41 | AF69: 7 | AG69: 0 | AH69: 0 | AJ69: 0 | AL69: 0 | AM69: 0 | AN69: 0 | AP69: 0 | AQ69: 0 | AR69: 0 | AS69: 0 | AT69: 0 | AV69: 0 | AW69: 0 | AX69: 14 | AY69: 7 | AZ69: 3 | BA69: 0 | BB69: 0 | BC69: 0 | BD69: 0 | BE69: 0 | BF69: 31 | BG69: 0 | BH69: 1 | BI69: 0 | BJ69: 0 | BK69: 0 | BL69: 3 | BM69: 0 | BN69: 0 | BO69: 0 | BR69: 0 | BS69: 0 | BT69: 0 | BV69: 0 | BZ69: =SUM(T69:BY69) -> 208 | CA69: C | CC69: =SUM(BG69:BV69,AE69:AW69,AY69:BE69,T69:AC69)/BZ69 -> 0.29807692 | CD69: =BZ69-SUM(BF69,AX69,AW69,AD69,W69) -> 62 | CE69: =SUM(AX69:BV69) -> 59 | CF69: =SUM(BG69:BV69,AY69:BE69) -> 14 | CG69: =CF69/CE69 -> 0.23728814 | CH69: Memphis
A70: 13-N-12/A | B70: Murdock | C70: AR | D70: 3LE0016 | E70: Lee | F70: 416 | G70: 02N/05E/1 | H70: 3854080 | I70: 725340 | J70: 15 | L70: Mounds and village site | M70: Griffin, Motz | N70: 14684 | O70: map | T70: 0 | U70: 0 | V70: 0 | W70: 0 | Y70: 0 | Z70: 0 | AA70: 0 | AC70: 0 | AD70: 120 | AE70: 46 | AF70: 29 | AG70: 0 | AH70: 0 | AJ70: 0 | AL70: 0 | AM70: 0 | AN70: 0 | AP70: 0 | AQ70: 0 | AR70: 0 | AS70: 0 | AT70: 0 | AV70: 0 | AW70: 0 | AX70: 23 | AY70: 0 | AZ70: 0 | BA70: 0 | BB70: 0 | BC70: 0 | BD70: 0 | BE70: 0 | BF70: 0 | BG70: 0 | BH70: 0 | BI70: 0 | BJ70: 0 | BK70: 0 | BL70: 0 | BM70: 0 | BN70: 0 | BO70: 0 | BR70: 0 | BS70: 0 | BT70: 0 | BV70: 0 | BZ70: =SUM(T70:BY70) -> 218 | CA70: C | CC70: =SUM(BG70:BV70,AE70:AW70,AY70:BE70,T70:AC70)/BZ70 -> 0.3440367 | CD70: =BZ70-SUM(BF70,AX70,AW70,AD70,W70) -> 75 | CE70: =SUM(AX70:BV70) -> 23 | CF70: =SUM(BG70:BV70,AY70:BE70) -> 0 | CG70: =CF70/CE70 -> 0 | CH70: Memphis
A71: 13-N-13 | B71: Rawlinson | C71: AR | D71: 3SF0039 | E71: St Francis | F71: 172 | G71: 04N/05E/28 | H71: 3867210 | I71: 721550 | J71: 15 | L71: Two mounds and village site | M71: Griffin, Ford | N71: 14689 | O71: map | T71: 0 | U71: 0 | V71: 0 | W71: 0 | Y71: 0 | Z71: 0 | AA71: 0 | AC71: 0 | AD71: 233 | AE71: 147 | AF71: 19 | AG71: 0 | AH71: 0 | AJ71: 1 | AL71: 0 | AM71: 0 | AN71: 0 | AP71: 0 | AQ71: 0 | AR71: 0 | AS71: 0 | AT71: 0 | AV71: 0 | AW71: 0 | AX71: 66 | AY71: 1 | AZ71: 5 | BA71: 0 | BB71: 0 | BC71: 0 | BD71: 0 | BE71: 0 | BF71: 3 | BG71: 0 | BH71: 0 | BI71: 0 | BJ71: 0 | BK71: 0 | BL71: 2 | BM71: 0 | BN71: 0 | BO71: 0 | BR71: 0 | BS71: 0 | BT71: 0 | BV71: 0 | BZ71: =SUM(T71:BY71) -> 477 | CA71: C | CC71: =SUM(BG71:BV71,AE71:AW71,AY71:BE71,T71:AC71)/BZ71 -> 0.36687631 | CD71: =BZ71-SUM(BF71,AX71,AW71,AD71,W71) -> 175 | CE71: =SUM(AX71:BV71) -> 77 | CF71: =SUM(BG71:BV71,AY71:BE71) -> 8 | CG71: =CF71/CE71 -> 0.1038961 | CH71: Memphis
A72: 13-N-14 | B72: Connor | C72: AR | D72: 3LE0018 | E72: Lee | F72: 434 | G72: 03N/04E/21 | H72: 3859600 | I72: 711300 | J72: 15 | L72: Village site and house sites | M72: Griffin, Motz | N72: 14685 | T72: 0 | U72: 0 | V72: 0 | W72: 0 | Y72: 0 | Z72: 0 | AA72: 0 | AC72: 0 | AD72: 516 | AE72: 514 | AF72: 18 | AG72: 0 | AH72: 0 | AJ72: 0 | AL72: 0 | AM72: 0 | AN72: 0 | AP72: 0 | AQ72: 0 | AR72: 0 | AS72: 0 | AT72: 0 | AV72: 0 | AW72: 0 | AX72: 427 | AY72: 27 | AZ72: 0 | BA72: 0 | BB72: 0 | BC72: 0 | BD72: 0 | BE72: 0 | BF72: 26 | BG72: 0 | BH72: 0 | BI72: 0 | BJ72: 0 | BK72: 0 | BL72: 11 | BM72: 0 | BN72: 0 | BO72: 0 | BR72: 0 | BS72: 0 | BT72: 0 | BV72: 0 | BZ72: =SUM(T72:BY72) -> 1539 | CA72: C | CC72: =SUM(BG72:BV72,AE72:AW72,AY72:BE72,T72:AC72)/BZ72 -> 0.37037037 | CD72: =BZ72-SUM(BF72,AX72,AW72,AD72,W72) -> 570 | CE72: =SUM(AX72:BV72) -> 491 | CF72: =SUM(BG72:BV72,AY72:BE72) -> 38 | CG72: =CF72/CE72 -> 0.077393075 | CH72: Memphis
A73: 13-N-15/B | B73: Nickel | C73: AR | D73: 3SF0004 | E73: St Francis | F73: 172 | G73: 04N/05E/11 | H73: 3871500 | I73: 724350 | J73: 15 | L73: Two mounds and a village site | M73: Ford, Griffin | N73: 14689 | O73: map | T73: 0 | U73: 0 | V73: 0 | W73: 0 | Y73: 0 | Z73: 0 | AA73: 0 | AC73: 0 | AD73: 364 | AE73: 232 | AF73: 50 | AG73: 0 | AH73: 0 | AJ73: 2 | AL73: 0 | AM73: 0 | AN73: 0 | AP73: 3 | AQ73: 0 | AR73: 1 | AS73: 0 | AT73: 0 | AV73: 1 | AW73: 0 | AX73: 78 | AY73: 8 | AZ73: 6 | BA73: 0 | BB73: 0 | BC73: 0 | BD73: 0 | BE73: 0 | BF73: 21 | BG73: 1 | BH73: 0 | BI73: 0 | BJ73: 0 | BK73: 0 | BL73: 2 | BM73: 0 | BN73: 0 | BO73: 1 | BR73: 0 | BS73: 0 | BT73: 0 | BV73: 0 | BZ73: =SUM(T73:BY73) -> 770 | CA73: C | CC73: =SUM(BG73:BV73,AE73:AW73,AY73:BE73,T73:AC73)/BZ73 -> 0.3987013 | CD73: =BZ73-SUM(BF73,AX73,AW73,AD73,W73) -> 307 | CE73: =SUM(AX73:BV73) -> 117 | CF73: =SUM(BG73:BV73,AY73:BE73) -> 18 | CG73: =CF73/CE73 -> 0.15384615 | CH73: Memphis
A74: 13-N-15/C,D,E | B74: Nickel | C74: AR | D74: 3SF0004 | E74: St Francis | F74: 172 | G74: 04N/05E/11 | H74: 3871500 | I74: 724350 | J74: 15 | L74: Two mounds and a village site | M74: Ford, Griffin | N74: 14689 | O74: map | T74: 0 | U74: 0 | V74: 0 | W74: 0 | Y74: 0 | Z74: 0 | AA74: 0 | AC74: 0 | AD74: 34 | AE74: 34 | AF74: 2 | AG74: 0 | AH74: 0 | AJ74: 0 | AL74: 1 | AM74: 0 | AN74: 0 | AP74: 0 | AQ74: 0 | AR74: 0 | AS74: 0 | AT74: 0 | AV74: 0 | AW74: 0 | AX74: 514 | AY74: 106 | AZ74: 31 | BA74: 0 | BB74: 0 | BC74: 1 | BD74: 0 | BE74: 0 | BF74: 60 | BG74: 3 | BH74: 2 | BI74: 0 | BJ74: 0 | BK74: 0 | BL74: 18 | BM74: 0 | BN74: 0 | BO74: 1 | BR74: 0 | BS74: 0 | BT74: 1 | BV74: 0 | BZ74: =SUM(T74:BY74) -> 808 | CA74: B | CB74: Split occup. Part of this is very late | CC74: =SUM(BG74:BV74,AE74:AW74,AY74:BE74,T74:AC74)/BZ74 -> 0.24752475 | CD74: =BZ74-SUM(BF74,AX74,AW74,AD74,W74) -> 200 | CE74: =SUM(AX74:BV74) -> 737 | CF74: =SUM(BG74:BV74,AY74:BE74) -> 163 | CG74: =CF74/CE74 -> 0.22116689 | CH74: Memphis
A75: 13-N-16 | B75: Starkley | C75: AR | D75: 3LE0017 | E75: Lee | F75: 416 | G75: 02N/05E/21 | H75: 3850050 | I75: 721080 | J75: 15 | L75: Mound and village site | M75: Griffin, Motz | N75: 14685 | T75: 0 | U75: 0 | V75: 0 | W75: 0 | Y75: 0 | Z75: 0 | AA75: 0 | AC75: 0 | AD75: 1 | AE75: 2 | AF75: 0 | AG75: 0 | AH75: 0 | AJ75: 0 | AL75: 0 | AM75: 0 | AN75: 0 | AP75: 0 | AQ75: 0 | AR75: 0 | AS75: 0 | AT75: 0 | AV75: 0 | AW75: 0 | AX75: 672 | AY75: 42 | AZ75: 46 | BA75: 1 | BB75: 0 | BC75: 0 | BD75: 0 | BE75: 0 | BF75: 75 | BG75: 10 | BH75: 0 | BI75: 3 | BJ75: 0 | BK75: 0 | BL75: 67 | BM75: 0 | BN75: 0 | BO75: 2 | BR75: 0 | BS75: 0 | BT75: 0 | BV75: 0 | BZ75: =SUM(T75:BY75) -> 921 | CA75: B | CC75: =SUM(BG75:BV75,AE75:AW75,AY75:BE75,T75:AC75)/BZ75 -> 0.18783931 | CD75: =BZ75-SUM(BF75,AX75,AW75,AD75,W75) -> 173 | CE75: =SUM(AX75:BV75) -> 918 | CF75: =SUM(BG75:BV75,AY75:BE75) -> 171 | CG75: =CF75/CE75 -> 0.18627451 | CH75: Memphis
A76: 13-N-17 | B76: Greer | C76: AR | D76: 3LE0024 | E76: Lee | F76: 434 | G76: 02N/04E/27 | H76: 3848410 | I76: 713070 | J76: 15 | L76: Large rectangular mound, thin village site indication | M76: Griffin, Ford | N76: 14689 | O76: map | T76: 0 | U76: 0 | V76: 0 | W76: 0 | Y76: 0 | Z76: 0 | AA76: 0 | AC76: 0 | AD76: 38 | AE76: 5 | AF76: 0 | AG76: 0 | AH76: 0 | AJ76: 0 | AL76: 0 | AM76: 0 | AN76: 0 | AP76: 0 | AQ76: 0 | AR76: 0 | AS76: 0 | AT76: 0 | AV76: 1 | AW76: 0 | AX76: 10 | AY76: 2 | AZ76: 1 | BA76: 0 | BB76: 0 | BC76: 0 | BD76: 0 | BE76: 0 | BF76: 3 | BG76: 0 | BH76: 0 | BI76: 0 | BJ76: 0 | BK76: 0 | BL76: 0 | BM76: 0 | BN76: 0 | BO76: 0 | BR76: 0 | BS76: 0 | BT76: 0 | BV76: 0 | BZ76: =SUM(T76:BY76) -> 60 | CA76: C | CC76: =SUM(BG76:BV76,AE76:AW76,AY76:BE76,T76:AC76)/BZ76 -> 0.15 | CD76: =BZ76-SUM(BF76,AX76,AW76,AD76,W76) -> 9 | CE76: =SUM(AX76:BV76) -> 16 | CF76: =SUM(BG76:BV76,AY76:BE76) -> 3 | CG76: =CF76/CE76 -> 0.1875 | CH76: Memphis
A77: 13-N-18 | B77: Lakeside | C77: AR | D77: 3SF0040 | E77: St Francis | F77: 172 | G77: 04N/05E/7 | H77: 3872280 | I77: 718090 | J77: 15 | L77: Mounds and village site | M77: Griffin, Phillips, Ford | N77: 14704 | O77: map | T77: 0 | U77: 0 | V77: 0 | W77: 0 | Y77: 0 | Z77: 0 | AA77: 0 | AC77: 0 | AD77: 100 | AE77: 3 | AF77: 0 | AG77: 0 | AH77: 0 | AJ77: 0 | AL77: 0 | AM77: 0 | AN77: 0 | AP77: 0 | AQ77: 0 | AR77: 0 | AS77: 0 | AT77: 0 | AV77: 0 | AW77: 1 | AX77: 206 | AY77: 3 | AZ77: 0 | BA77: 0 | BB77: 0 | BC77: 0 | BD77: 0 | BE77: 0 | BF77: 23 | BG77: 0 | BH77: 0 | BI77: 0 | BJ77: 0 | BK77: 0 | BL77: 3 | BM77: 0 | BN77: 0 | BO77: 0 | BR77: 0 | BS77: 0 | BT77: 0 | BV77: 0 | BZ77: =SUM(T77:BY77) -> 339 | CA77: B | CC77: =SUM(BG77:BV77,AE77:AW77,AY77:BE77,T77:AC77)/BZ77 -> 0.029498525 | CD77: =BZ77-SUM(BF77,AX77,AW77,AD77,W77) -> 9 | CE77: =SUM(AX77:BV77) -> 235 | CF77: =SUM(BG77:BV77,AY77:BE77) -> 6 | CG77: =CF77/CE77 -> 0.025531915 | CH77: Memphis
A78: 13-N-19 | B78: Riverside | C78: AR | D78: 3SF0041 | E78: St Francis | F78: 184 | G78: 04N/04E/10 | H78: 3872570 | I78: 712650 | J78: 15 | L78: Single house site | M78: Phillips, Griffin, Ford | N78: 14704 | T78: 0 | U78: 0 | V78: 0 | W78: 0 | Y78: 0 | Z78: 0 | AA78: 0 | AC78: 0 | AD78: 148 | AE78: 23 | AF78: 1 | AG78: 0 | AH78: 0 | AJ78: 0 | AL78: 0 | AM78: 0 | AN78: 0 | AP78: 0 | AQ78: 1 | AR78: 0 | AS78: 0 | AT78: 0 | AV78: 0 | AW78: 0 | AX78: 89 | AY78: 0 | AZ78: 0 | BA78: 0 | BB78: 0 | BC78: 0 | BD78: 0 | BE78: 0 | BF78: 2 | BG78: 0 | BH78: 0 | BI78: 0 | BJ78: 0 | BK78: 0 | BL78: 1 | BM78: 0 | BN78: 0 | BO78: 0 | BR78: 0 | BS78: 0 | BT78: 0 | BV78: 0 | BZ78: =SUM(T78:BY78) -> 265 | CA78: C | CC78: =SUM(BG78:BV78,AE78:AW78,AY78:BE78,T78:AC78)/BZ78 -> 0.098113208 | CD78: =BZ78-SUM(BF78,AX78,AW78,AD78,W78) -> 26 | CE78: =SUM(AX78:BV78) -> 92 | CF78: =SUM(BG78:BV78,AY78:BE78) -> 1 | CG78: =CF78/CE78 -> 0.010869565 | CH78: Memphis
A79: 13-N-2 | B79: Alligator Bayou | C79: AR | D79: 3LE0006 | E79: Lee | F79: 416 | G79: 03N/15E/33 | H79: 3856900 | I79: 720800 | J79: 15 | L79: Alligator Bayou | M79: Griffin, Motz | N79: 14684 | T79: 0 | U79: 0 | V79: 0 | W79: 0 | Y79: 0 | Z79: 0 | AA79: 0 | AC79: 0 | AD79: 20 | AE79: 31 | AF79: 0 | AG79: 0 | AH79: 0 | AJ79: 1 | AL79: 0 | AM79: 0 | AN79: 0 | AP79: 0 | AQ79: 0 | AR79: 0 | AS79: 0 | AT79: 0 | AV79: 0 | AW79: 0 | AX79: 0 | AY79: 1 | AZ79: 0 | BA79: 0 | BB79: 0 | BC79: 0 | BD79: 0 | BE79: 0 | BF79: 0 | BG79: 0 | BH79: 0 | BI79: 0 | BJ79: 0 | BK79: 0 | BL79: 0 | BM79: 0 | BN79: 0 | BO79: 0 | BR79: 0 | BS79: 0 | BT79: 0 | BV79: 0 | BZ79: =SUM(T79:BY79) -> 53 | CA79: D | CC79: =SUM(BG79:BV79,AE79:AW79,AY79:BE79,T79:AC79)/BZ79 -> 0.62264151 | CD79: =BZ79-SUM(BF79,AX79,AW79,AD79,W79) -> 33 | CE79: =SUM(AX79:BV79) -> 1 | CF79: =SUM(BG79:BV79,AY79:BE79) -> 1 | CG79: =CF79/CE79 -> 1 | CH79: Memphis
A80: 13-N-20 | B80: Hargraves | C80: AR | D80: 3SF0042 | E80: St Francis | F80: 184 | G80: 04N/04E/10 | H80: 3872310 | I80: 713100 | J80: 15 | L80: Possibly a mound | M80: Griffin, Phillips, Ford | N80: 14704 | T80: 0 | U80: 0 | V80: 0 | W80: 0 | Y80: 0 | Z80: 0 | AA80: 0 | AC80: 0 | AD80: 17 | AE80: 0 | AF80: 0 | AG80: 0 | AH80: 0 | AJ80: 0 | AL80: 0 | AM80: 0 | AN80: 0 | AP80: 0 | AQ80: 0 | AR80: 0 | AS80: 0 | AT80: 0 | AV80: 0 | AW80: 0 | AX80: 1 | AY80: 0 | AZ80: 0 | BA80: 0 | BB80: 0 | BC80: 0 | BD80: 0 | BE80: 0 | BF80: 1 | BG80: 0 | BH80: 0 | BI80: 0 | BJ80: 0 | BK80: 0 | BL80: 0 | BM80: 0 | BN80: 0 | BO80: 0 | BR80: 0 | BS80: 0 | BT80: 0 | BV80: 0 | BZ80: =SUM(T80:BY80) -> 19 | CA80: ?? | CC80: =SUM(BG80:BV80,AE80:AW80,AY80:BE80,T80:AC80)/BZ80 -> 0 | CD80: =BZ80-SUM(BF80,AX80,AW80,AD80,W80) -> 0 | CE80: =SUM(AX80:BV80) -> 2 | CF80: =SUM(BG80:BV80,AY80:BE80) -> 0 | CG80: =CF80/CE80 -> 0 | CH80: Memphis
A81: 13-N-21 | B81: Castile | C81: AR | D81: 3SF0020 | E81: St Francis | F81: 184 | G81: 04N/04E/9 | H81: 3872820 | I81: 712000 | J81: 15 | L81: Elevated village site of St. Francis | M81: Griffin, Ford, Phillips | N81: 14704 | O81: Plane Table Map | T81: 0 | U81: 0 | V81: 0 | W81: 0 | Y81: 0 | Z81: 0 | AA81: 0 | AC81: 0 | AD81: 1 | AE81: 0 | AF81: 0 | AG81: 0 | AH81: 0 | AJ81: 0 | AL81: 0 | AM81: 0 | AN81: 0 | AP81: 0 | AQ81: 0 | AR81: 0 | AS81: 0 | AT81: 0 | AV81: 0 | AW81: 0 | AX81: 1537 | AY81: 268 | AZ81: 36 | BA81: 3 | BB81: 1 | BC81: 3 | BD81: 0 | BE81: 0 | BF81: 68 | BG81: 8 | BH81: 4 | BI81: 0 | BJ81: 0 | BK81: 1 | BL81: 70 | BM81: 0 | BN81: 0 | BO81: 0 | BR81: 0 | BS81: 0 | BT81: 0 | BV81: 0 | BZ81: =SUM(T81:BY81) -> 2000 | CA81: A | CC81: =SUM(BG81:BV81,AE81:AW81,AY81:BE81,T81:AC81)/BZ81 -> 0.197 | CD81: =BZ81-SUM(BF81,AX81,AW81,AD81,W81) -> 394 | CE81: =SUM(AX81:BV81) -> 1999 | CF81: =SUM(BG81:BV81,AY81:BE81) -> 394 | CG81: =CF81/CE81 -> 0.19709855 | CH81: Memphis
A82: 13-N-3 | B82: Mound Cemetery | C82: AR | D82: 3LE0007 | E82: Lee | F82: 416 | G82: 03N/05E/14 | H82: 3861400 | I82: 724360 | J82: 15 | L82: Large rectangular mound with apron | M82: Phillips, Ford | N82: 14684 | O82: map | T82: 0 | U82: 0 | V82: 0 | W82: 0 | Y82: 0 | Z82: 0 | AA82: 0 | AC82: 0 | AD82: 4 | AE82: 0 | AF82: 0 | AG82: 0 | AH82: 0 | AJ82: 0 | AL82: 0 | AM82: 0 | AN82: 0 | AP82: 0 | AQ82: 0 | AR82: 0 | AS82: 0 | AT82: 0 | AV82: 0 | AW82: 1 | AX82: 17 | AY82: 1 | AZ82: 0 | BA82: 0 | BB82: 0 | BC82: 0 | BD82: 0 | BE82: 0 | BF82: 7 | BG82: 0 | BH82: 0 | BI82: 0 | BJ82: 0 | BK82: 0 | BL82: 0 | BM82: 0 | BN82: 0 | BO82: 0 | BR82: 0 | BS82: 0 | BT82: 0 | BV82: 0 | BZ82: =SUM(T82:BY82) -> 30 | CA82: ?? | CC82: =SUM(BG82:BV82,AE82:AW82,AY82:BE82,T82:AC82)/BZ82 -> 0.066666667 | CD82: =BZ82-SUM(BF82,AX82,AW82,AD82,W82) -> 1 | CE82: =SUM(AX82:BV82) -> 25 | CF82: =SUM(BG82:BV82,AY82:BE82) -> 1 | CG82: =CF82/CE82 -> 0.04 | CH82: Memphis
A83: 13-N-4/B,C,D,E | B83: Kent Place | C83: AR | D83: 3LE0008 | E83: Lee | F83: 416 | G83: 02N/05E/1 | H83: 3854800 | I83: 725840 | J83: 15 | L83: Mound group and village site | M83: Griffin, Motz | N83: 14684 | O83: Map | T83: 0 | U83: 0 | V83: 0 | W83: 0 | Y83: 0 | Z83: 0 | AA83: 0 | AC83: 0 | AD83: 46 | AE83: 41 | AF83: 7 | AG83: 0 | AH83: 0 | AJ83: 0 | AL83: 0 | AM83: 0 | AN83: 0 | AP83: 0 | AQ83: 0 | AR83: 0 | AS83: 0 | AT83: 0 | AV83: 0 | AW83: 0 | AX83: 448 | AY83: 71 | AZ83: 45 | BA83: 3 | BB83: 0 | BC83: 0 | BD83: 0 | BE83: 0 | BF83: 337 | BG83: 22 | BH83: 0 | BI83: 4 | BJ83: 0 | BK83: 0 | BL83: 80 | BM83: 0 | BN83: 0 | BO83: 16 | BR83: 0 | BS83: 0 | BT83: 0 | BV83: 0 | BZ83: =SUM(T83:BY83) -> 1120 | CA83: A | CC83: =SUM(BG83:BV83,AE83:AW83,AY83:BE83,T83:AC83)/BZ83 -> 0.25803571 | CD83: =BZ83-SUM(BF83,AX83,AW83,AD83,W83) -> 289 | CE83: =SUM(AX83:BV83) -> 1026 | CF83: =SUM(BG83:BV83,AY83:BE83) -> 241 | CG83: =CF83/CE83 -> 0.23489279 | CH83: Memphis
A84: 13-N-4/C | B84: Kent Place | C84: AR | D84: 3LE0008 | E84: Lee | F84: 416 | G84: 02N/05E/1 | H84: 3854800 | I84: 725840 | J84: 15 | L84: Mound group and village site | M84: Griffin, Motz | N84: 14684 | O84: map | T84: 0 | U84: 0 | V84: 0 | W84: 0 | Y84: 0 | Z84: 0 | AA84: 0 | AC84: 0 | AD84: 170 | AE84: 22 | AF84: 4 | AG84: 0 | AH84: 0 | AJ84: 1 | AL84: 0 | AM84: 0 | AN84: 1 | AP84: 0 | AQ84: 0 | AR84: 0 | AS84: 0 | AT84: 0 | AV84: 0 | AW84: 0 | AX84: 47 | AY84: 17 | AZ84: 17 | BA84: 0 | BB84: 0 | BC84: 0 | BD84: 0 | BE84: 0 | BF84: 7 | BG84: 2 | BH84: 0 | BI84: 0 | BJ84: 0 | BK84: 0 | BL84: 0 | BM84: 0 | BN84: 0 | BO84: 1 | BR84: 0 | BS84: 0 | BT84: 0 | BV84: 0 | BZ84: =SUM(T84:BY84) -> 289 | CA84: C | CC84: =SUM(BG84:BV84,AE84:AW84,AY84:BE84,T84:AC84)/BZ84 -> 0.22491349 | CD84: =BZ84-SUM(BF84,AX84,AW84,AD84,W84) -> 65 | CE84: =SUM(AX84:BV84) -> 91 | CF84: =SUM(BG84:BV84,AY84:BE84) -> 37 | CG84: =CF84/CE84 -> 0.40659341 | CH84: Memphis
A85: 13-N-5 | B85: Davis | C85: AR | D85: 3LE0009 | E85: Lee | F85: 416 | G85: 03N/05E/13 | H85: 3860300 | I85: 725300 | J85: 15 | L85: Remnant of mound beneath a barn | M85: Phillips, Ford | N85: 14684 | O85: map | T85: 0 | U85: 0 | V85: 0 | W85: 0 | Y85: 0 | Z85: 0 | AA85: 0 | AC85: 0 | AD85: 0 | AE85: 0 | AF85: 0 | AG85: 0 | AH85: 0 | AJ85: 0 | AL85: 0 | AM85: 0 | AN85: 0 | AP85: 0 | AQ85: 0 | AR85: 0 | AS85: 0 | AT85: 0 | AV85: 0 | AW85: 0 | AX85: 313 | AY85: 35 | AZ85: 9 | BA85: 0 | BB85: 0 | BC85: 0 | BD85: 0 | BE85: 0 | BF85: 64 | BG85: 2 | BH85: 0 | BI85: 0 | BJ85: 0 | BK85: 0 | BL85: 31 | BM85: 0 | BN85: 0 | BO85: 2 | BR85: 0 | BS85: 0 | BT85: 0 | BV85: 0 | BZ85: =SUM(T85:BY85) -> 456 | CA85: B | CC85: =SUM(BG85:BV85,AE85:AW85,AY85:BE85,T85:AC85)/BZ85 -> 0.17324561 | CD85: =BZ85-SUM(BF85,AX85,AW85,AD85,W85) -> 79 | CE85: =SUM(AX85:BV85) -> 456 | CF85: =SUM(BG85:BV85,AY85:BE85) -> 79 | CG85: =CF85/CE85 -> 0.17324561 | CH85: Memphis
A86: 13-N-6 | B86: Jerusalem Church | C86: AR | D86: 3LE0010 | E86: Lee | F86: 416 | G86: 03N/05E/36 | H86: 3856210 | I86: 726020 | J86: 15 | L86: Mound and village site | M86: Griffin, Motz | N86: 14684 | T86: 0 | U86: 0 | V86: 0 | W86: 0 | Y86: 0 | Z86: 0 | AA86: 0 | AC86: 0 | AD86: 9 | AE86: 0 | AF86: 0 | AG86: 0 | AH86: 0 | AJ86: 0 | AL86: 0 | AM86: 0 | AN86: 0 | AP86: 0 | AQ86: 0 | AR86: 0 | AS86: 0 | AT86: 0 | AV86: 0 | AW86: 0 | AX86: 35 | AY86: 4 | AZ86: 5 | BA86: 0 | BB86: 1 | BC86: 0 | BD86: 0 | BE86: 0 | BF86: 28 | BG86: 0 | BH86: 0 | BI86: 0 | BJ86: 0 | BK86: 0 | BL86: 1 | BM86: 0 | BN86: 0 | BO86: 0 | BR86: 0 | BS86: 0 | BT86: 0 | BV86: 0 | BZ86: =SUM(T86:BY86) -> 83 | CA86: B | CC86: =SUM(BG86:BV86,AE86:AW86,AY86:BE86,T86:AC86)/BZ86 -> 0.13253012 | CD86: =BZ86-SUM(BF86,AX86,AW86,AD86,W86) -> 11 | CE86: =SUM(AX86:BV86) -> 74 | CF86: =SUM(BG86:BV86,AY86:BE86) -> 11 | CG86: =CF86/CE86 -> 0.14864865 | CH86: Memphis
A87: 13-N-7 | B87: Clay Hill | C87: AR | D87: 3LE0011 | E87: Lee | F87: 184 | G87: 03N/04E/7 | H87: 3861780 | I87: 708000 | J87: 15 | L87: Large village site with two small mounds | M87: Motz, Phillips | N87: 14688 | O87: map | T87: 0 | U87: 0 | V87: 0 | W87: 0 | Y87: 0 | Z87: 0 | AA87: 0 | AC87: 0 | AD87: 7 | AE87: 6 | AF87: 0 | AG87: 0 | AH87: 0 | AJ87: 0 | AL87: 0 | AM87: 0 | AN87: 0 | AP87: 0 | AQ87: 0 | AR87: 0 | AS87: 0 | AT87: 0 | AV87: 0 | AW87: 0 | AX87: 433 | AY87: 70 | AZ87: 49 | BA87: 0 | BB87: 0 | BC87: 0 | BD87: 0 | BE87: 0 | BF87: 40 | BG87: 1 | BH87: 0 | BI87: 2 | BJ87: 0 | BK87: 0 | BL87: 57 | BM87: 0 | BN87: 0 | BO87: 2 | BR87: 0 | BS87: 0 | BT87: 0 | BV87: 0 | BZ87: =SUM(T87:BY87) -> 667 | CA87: A | CC87: =SUM(BG87:BV87,AE87:AW87,AY87:BE87,T87:AC87)/BZ87 -> 0.28035982 | CD87: =BZ87-SUM(BF87,AX87,AW87,AD87,W87) -> 187 | CE87: =SUM(AX87:BV87) -> 654 | CF87: =SUM(BG87:BV87,AY87:BE87) -> 181 | CG87: =CF87/CE87 -> 0.27675841 | CH87: Memphis
A88: 13-N-8 | B88: Findley | C88: AR | D88: 3LE0012 | E88: Lee | F88: 416 | G88: 03N/05E/36 | H88: 3856480 | I88: 726000 | J88: 15 | L88: Small village site, no mounds | M88: Griffin, Motz | N88: 14684 | T88: 0 | U88: 0 | V88: 0 | W88: 0 | Y88: 0 | Z88: 0 | AA88: 0 | AC88: 0 | AD88: 145 | AE88: 285 | AF88: 78 | AG88: 0 | AH88: 0 | AJ88: 1 | AL88: 0 | AM88: 0 | AN88: 0 | AP88: 0 | AQ88: 0 | AR88: 0 | AS88: 0 | AT88: 0 | AV88: 6 | AW88: 0 | AX88: 10 | AY88: 1 | AZ88: 0 | BA88: 0 | BB88: 0 | BC88: 0 | BD88: 0 | BE88: 0 | BF88: 10 | BG88: 0 | BH88: 0 | BI88: 0 | BJ88: 0 | BK88: 0 | BL88: 0 | BM88: 0 | BN88: 0 | BO88: 0 | BR88: 0 | BS88: 0 | BT88: 0 | BV88: 0 | BZ88: =SUM(T88:BY88) -> 536 | CA88: C | CC88: =SUM(BG88:BV88,AE88:AW88,AY88:BE88,T88:AC88)/BZ88 -> 0.69216418 | CD88: =BZ88-SUM(BF88,AX88,AW88,AD88,W88) -> 371 | CE88: =SUM(AX88:BV88) -> 21 | CF88: =SUM(BG88:BV88,AY88:BE88) -> 1 | CG88: =CF88/CE88 -> 0.047619048 | CH88: Memphis
A89: 13-N-9 | B89: Red Oak | C89: AR | D89: 3LE0013 | E89: Lee | F89: 416 | G89: 02N/05E/18 | H89: 3851260 | I89: 717650 | J89: 15 | L89: Small village site | M89: Griffin, Ford | N89: 14689 | T89: 0 | U89: 0 | V89: 0 | W89: 0 | Y89: 0 | Z89: 0 | AA89: 1 | AC89: 0 | AD89: 20 | AE89: 5 | AF89: 2 | AG89: 0 | AH89: 0 | AJ89: 0 | AL89: 0 | AM89: 0 | AN89: 0 | AP89: 0 | AQ89: 0 | AR89: 0 | AS89: 0 | AT89: 0 | AV89: 0 | AW89: 0 | AX89: 12 | AY89: 0 | AZ89: 0 | BA89: 0 | BB89: 0 | BC89: 0 | BD89: 0 | BE89: 0 | BF89: 2 | BG89: 0 | BH89: 0 | BI89: 0 | BJ89: 0 | BK89: 0 | BL89: 1 | BM89: 0 | BN89: 0 | BO89: 0 | BR89: 0 | BS89: 0 | BT89: 0 | BV89: 0 | BZ89: =SUM(T89:BY89) -> 43 | CA89: C | CC89: =SUM(BG89:BV89,AE89:AW89,AY89:BE89,T89:AC89)/BZ89 -> 0.20930233 | CD89: =BZ89-SUM(BF89,AX89,AW89,AD89,W89) -> 9 | CE89: =SUM(AX89:BV89) -> 15 | CF89: =SUM(BG89:BV89,AY89:BE89) -> 1 | CG89: =CF89/CE89 -> 0.066666667 | CH89: Memphis
A90: 13-O-1 | B90: Barrett | C90: AR | D90: 3LE0003 | E90: Lee | F90: 984 | G90: 03N/06E/3 | H90: 3864600 | I90: 732400 | J90: 15 | L90: Mound group | M90: Phillips, Ford | N90: 14684 | O90: map | T90: 0 | U90: 0 | V90: 0 | W90: 0 | Y90: 0 | Z90: 0 | AA90: 0 | AC90: 0 | AD90: 1245 | AE90: 322 | AF90: 179 | AG90: 1 | AH90: 3 | AJ90: 1 | AL90: 0 | AM90: 0 | AN90: 0 | AP90: 1 | AQ90: 0 | AR90: 0 | AS90: 0 | AT90: 0 | AV90: 0 | AW90: 2 | AX90: 222 | AY90: 4 | AZ90: 16 | BA90: 0 | BB90: 0 | BC90: 0 | BD90: 0 | BE90: 0 | BF90: 25 | BG90: 0 | BH90: 0 | BI90: 0 | BJ90: 0 | BK90: 0 | BL90: 9 | BM90: 0 | BN90: 0 | BO90: 1 | BR90: 0 | BS90: 0 | BT90: 0 | BV90: 0 | BZ90: =SUM(T90:BY90) -> 2031 | CA90: C | CC90: =SUM(BG90:BV90,AE90:AW90,AY90:BE90,T90:AC90)/BZ90 -> 0.26538651 | CD90: =BZ90-SUM(BF90,AX90,AW90,AD90,W90) -> 537 | CE90: =SUM(AX90:BV90) -> 277 | CF90: =SUM(BG90:BV90,AY90:BE90) -> 30 | CG90: =CF90/CE90 -> 0.10830325 | CH90: Memphis
A91: 13-O-10 | B91: Hollywood | C91: MI | E91: Tunica | G91: SE1/4 SW1/4 S33 T3S R11W | H91: 3851300 | I91: 740620 | J91: 15 | T91: 0 | U91: 0 | V91: 0 | W91: 0 | Y91: 0 | Z91: 0 | AA91: 0 | AC91: 0 | AD91: 43 | AE91: 14 | AF91: 3 | AG91: 2 | AH91: 0 | AJ91: 0 | AL91: 0 | AM91: 0 | AN91: 0 | AP91: 0 | AQ91: 0 | AR91: 0 | AS91: 0 | AT91: 0 | AV91: 0 | AW91: 0 | AX91: 671 | AY91: 61 | AZ91: 68 | BA91: 2 | BB91: 0 | BC91: 0 | BD91: 0 | BE91: 0 | BF91: 589 | BG91: 6 | BH91: 2 | BI91: 8 | BJ91: 0 | BK91: 0 | BL91: 34 | BM91: 0 | BN91: 0 | BO91: 45 | BR91: 0 | BS91: 0 | BT91: 0 | BV91: 0 | BZ91: =SUM(T91:BY91) -> 1548 | CA91: A | CB91: "Another break in occupation" | CC91: =SUM(BG91:BV91,AE91:AW91,AY91:BE91,T91:AC91)/BZ91 -> 0.15826873 | CD91: =BZ91-SUM(BF91,AX91,AW91,AD91,W91) -> 245 | CE91: =SUM(AX91:BV91) -> 1486 | CF91: =SUM(BG91:BV91,AY91:BE91) -> 226 | CG91: =CF91/CE91 -> 0.15208614 | CH91: Memphis
A92: 13-O-11 | B92: Commerce | C92: MI | E92: Tunica | G92: SW1/4 SE1/4 S17 T3S R11W | H92: 3855772 | I92: 739436 | J92: 15 | T92: 0 | U92: 0 | V92: 0 | W92: 0 | Y92: 0 | Z92: 0 | AA92: 0 | AC92: 0 | AD92: 2 | AE92: 0 | AF92: 0 | AG92: 0 | AH92: 0 | AJ92: 0 | AL92: 0 | AM92: 0 | AN92: 0 | AP92: 0 | AQ92: 0 | AR92: 0 | AS92: 0 | AT92: 0 | AV92: 0 | AW92: 0 | AX92: 655 | AY92: 35 | AZ92: 51 | BA92: 0 | BB92: 0 | BC92: 0 | BD92: 0 | BE92: 0 | BF92: 314 | BG92: 14 | BH92: 1 | BI92: 2 | BJ92: 1 | BK92: 0 | BL92: 12 | BM92: 0 | BN92: 0 | BO92: 12 | BR92: 0 | BS92: 0 | BT92: 0 | BV92: 0 | BZ92: =SUM(T92:BY92) -> 1099 | CA92: B | CC92: =SUM(BG92:BV92,AE92:AW92,AY92:BE92,T92:AC92)/BZ92 -> 0.11646952 | CD92: =BZ92-SUM(BF92,AX92,AW92,AD92,W92) -> 128 | CE92: =SUM(AX92:BV92) -> 1097 | CF92: =SUM(BG92:BV92,AY92:BE92) -> 128 | CG92: =CF92/CE92 -> 0.11668186 | CH92: Memphis
A93: 13-O-12 | B93: Indian Creek | C93: MI | E93: Tunica | G93: NE1/4 SE1/4 S34 T3S R7E | H93: =H91+(1.2*1.6*1000) -> 3853220 | I93: =I91+(0.2*1.6*1000) -> 740940 | J93: 15 | T93: 0 | U93: 0 | V93: 0 | W93: 1 | Y93: 0 | Z93: 0 | AA93: 0 | AC93: 0 | AD93: 6 | AE93: 5 | AF93: 1 | AG93: 0 | AH93: 0 | AJ93: 0 | AL93: 0 | AM93: 0 | AN93: 0 | AP93: 0 | AQ93: 0 | AR93: 0 | AS93: 0 | AT93: 0 | AV93: 0 | AW93: 1 | AX93: 32 | AY93: 0 | AZ93: 6 | BA93: 0 | BB93: 0 | BC93: 0 | BD93: 0 | BE93: 0 | BF93: 33 | BG93: 0 | BH93: 0 | BI93: 0 | BJ93: 0 | BK93: 0 | BL93: 1 | BM93: 0 | BN93: 0 | BO93: 1 | BR93: 0 | BS93: 0 | BT93: 0 | BV93: 0 | BZ93: =SUM(T93:BY93) -> 87 | CA93: B | CC93: =SUM(BG93:BV93,AE93:AW93,AY93:BE93,T93:AC93)/BZ93 -> 0.18390805 | CD93: =BZ93-SUM(BF93,AX93,AW93,AD93,W93) -> 14 | CE93: =SUM(AX93:BV93) -> 73 | CF93: =SUM(BG93:BV93,AY93:BE93) -> 8 | CG93: =CF93/CE93 -> 0.10958904 | CH93: Memphis
A94: 13-O-2 | B94: Green River Plantation | C94: AR | D94: 3CT0028 | E94: Crittenden | F94: 984 | G94: 04N/07E/8 | H94: 3872150 | I94: 738780 | J94: 15 | L94: Mound group | M94: Phillips, Motz, Ford | N94: 14686 | O94: plane table map | T94: 0 | U94: 0 | V94: 0 | W94: 0 | Y94: 0 | Z94: 0 | AA94: 0 | AC94: 0 | AD94: 384 | AE94: 40 | AF94: 41 | AG94: 0 | AH94: 0 | AJ94: 0 | AL94: 0 | AM94: 0 | AN94: 0 | AP94: 0 | AQ94: 0 | AR94: 0 | AS94: 0 | AT94: 0 | AV94: 2 | AW94: 0 | AX94: 5 | AY94: 0 | AZ94: 0 | BA94: 0 | BB94: 0 | BC94: 0 | BD94: 0 | BE94: 0 | BF94: 2 | BG94: 0 | BH94: 0 | BI94: 0 | BJ94: 0 | BK94: 0 | BL94: 0 | BM94: 0 | BN94: 0 | BO94: 0 | BR94: 0 | BS94: 0 | BT94: 0 | BV94: 0 | BZ94: =SUM(T94:BY94) -> 474 | CA94: C | CC94: =SUM(BG94:BV94,AE94:AW94,AY94:BE94,T94:AC94)/BZ94 -> 0.17510549 | CD94: =BZ94-SUM(BF94,AX94,AW94,AD94,W94) -> 83 | CE94: =SUM(AX94:BV94) -> 7 | CF94: =SUM(BG94:BV94,AY94:BE94) -> 0 | CG94: =CF94/CE94 -> 0 | CH94: Memphis
A95: 13-O-3 | B95: Huber | C95: AR | D95: 3SF0043 | E95: St Francis | F95: 123 | G95: 04N/06E/15 | H95: 3870150 | I95: 733280 | J95: 15 | L95: Single medium sized mound | M95: Ford, Phillips | N95: 14685 | T95: 0 | U95: 0 | V95: 0 | W95: 0 | Y95: 0 | Z95: 0 | AA95: 0 | AC95: 0 | AD95: 142 | AE95: 70 | AF95: 22 | AG95: 0 | AH95: 0 | AJ95: 0 | AL95: 0 | AM95: 0 | AN95: 0 | AP95: 0 | AQ95: 0 | AR95: 0 | AS95: 0 | AT95: 0 | AV95: 0 | AW95: 0 | AX95: 11 | AY95: 0 | AZ95: 0 | BA95: 0 | BB95: 0 | BC95: 0 | BD95: 0 | BE95: 0 | BF95: 0 | BG95: 0 | BH95: 0 | BI95: 1 | BJ95: 0 | BK95: 0 | BL95: 1 | BM95: 0 | BN95: 0 | BO95: 0 | BR95: 0 | BS95: 0 | BT95: 0 | BV95: 0 | BZ95: =SUM(T95:BY95) -> 247 | CA95: C | CC95: =SUM(BG95:BV95,AE95:AW95,AY95:BE95,T95:AC95)/BZ95 -> 0.3805668 | CD95: =BZ95-SUM(BF95,AX95,AW95,AD95,W95) -> 94 | CE95: =SUM(AX95:BV95) -> 13 | CF95: =SUM(BG95:BV95,AY95:BE95) -> 2 | CG95: =CF95/CE95 -> 0.15384615 | CH95: Memphis
A96: 13-O-4 | B96: Nickey | C96: AR | D96: 3CT0029 | E96: Crittenden | F96: 984 | G96: 04N/07E/8 | H96: 3872640 | I96: 738420 | J96: 15 | L96: Large oval mound | M96: Ford, Griffin, Motz, Phillips | N96: 14686 | T96: 0 | U96: 0 | V96: 0 | W96: 0 | Y96: 0 | Z96: 0 | AA96: 0 | AC96: 0 | AD96: 24 | AE96: 12 | AF96: 0 | AG96: 0 | AH96: 0 | AJ96: 0 | AL96: 0 | AM96: 0 | AN96: 0 | AP96: 0 | AQ96: 1 | AR96: 0 | AS96: 0 | AT96: 0 | AV96: 0 | AW96: 0 | AX96: 450 | AY96: 1 | AZ96: 5 | BA96: 0 | BB96: 0 | BC96: 0 | BD96: 0 | BE96: 0 | BF96: 62 | BG96: 0 | BH96: 0 | BI96: 0 | BJ96: 0 | BK96: 0 | BL96: 1 | BM96: 0 | BN96: 0 | BO96: 0 | BR96: 0 | BS96: 0 | BT96: 0 | BV96: 0 | BZ96: =SUM(T96:BY96) -> 556 | CA96: B | CC96: =SUM(BG96:BV96,AE96:AW96,AY96:BE96,T96:AC96)/BZ96 -> 0.035971223 | CD96: =BZ96-SUM(BF96,AX96,AW96,AD96,W96) -> 20 | CE96: =SUM(AX96:BV96) -> 519 | CF96: =SUM(BG96:BV96,AY96:BE96) -> 7 | CG96: =CF96/CE96 -> 0.013487476 | CH96: Memphis
A97: 13-O-5 | B97: Belle Meade | C97: AR | D97: 3CT0030 | E97: Crittenden | F97: 984 | G97: 04N/07E/30 | H97: 3870150 | I97: 733280 | J97: 15 | L97: Mound group, plaza arrangement | M97: Phillips, Ford | N97: 14685 | O97: map | T97: 0 | U97: 0 | V97: 0 | W97: 0 | Y97: 0 | Z97: 0 | AA97: 0 | AC97: 0 | AD97: 0 | AE97: 1 | AF97: 0 | AG97: 0 | AH97: 0 | AJ97: 0 | AL97: 0 | AM97: 0 | AN97: 0 | AP97: 0 | AQ97: 0 | AR97: 0 | AS97: 0 | AT97: 0 | AV97: 0 | AW97: 0 | AX97: 370 | AY97: 128 | AZ97: 77 | BA97: 3 | BB97: 0 | BC97: 0 | BD97: 0 | BE97: 0 | BF97: 174 | BG97: 32 | BH97: 2 | BI97: 2 | BJ97: 0 | BK97: 0 | BL97: 8 | BM97: 0 | BN97: 0 | BO97: 2 | BR97: 0 | BS97: 0 | BT97: 0 | BV97: 0 | BZ97: =SUM(T97:BY97) -> 799 | CA97: A | CC97: =SUM(BG97:BV97,AE97:AW97,AY97:BE97,T97:AC97)/BZ97 -> 0.31914894 | CD97: =BZ97-SUM(BF97,AX97,AW97,AD97,W97) -> 255 | CE97: =SUM(AX97:BV97) -> 798 | CF97: =SUM(BG97:BV97,AY97:BE97) -> 254 | CG97: =CF97/CE97 -> 0.31829574 | CH97: Memphis
A98: 13-O-6 | B98: New Bethel | C98: AR | D98: 3SF0044 | E98: St Francis | F98: 984 | G98: 04N/06E/8 | H98: 3873060 | I98: 729580 | J98: 15 | L98: Mound and village site | M98: Griffin, Ford | N98: 14688 | O98: map | T98: 0 | U98: 0 | V98: 0 | W98: 0 | Y98: 0 | Z98: 0 | AA98: 0 | AC98: 0 | AD98: 44 | AE98: 18 | AF98: 0 | AG98: 0 | AH98: 0 | AJ98: 0 | AL98: 0 | AM98: 0 | AN98: 0 | AP98: 0 | AQ98: 0 | AR98: 0 | AS98: 0 | AT98: 0 | AV98: 0 | AW98: 0 | AX98: 431 | AY98: 6 | AZ98: 24 | BA98: 0 | BB98: 0 | BC98: 0 | BD98: 0 | BE98: 0 | BF98: 15 | BG98: 1 | BH98: 0 | BI98: 0 | BJ98: 1 | BK98: 0 | BL98: 3 | BM98: 0 | BN98: 0 | BO98: 0 | BR98: 0 | BS98: 0 | BT98: 0 | BV98: 0 | BZ98: =SUM(T98:BY98) -> 543 | CA98: B | CC98: =SUM(BG98:BV98,AE98:AW98,AY98:BE98,T98:AC98)/BZ98 -> 0.097605893 | CD98: =BZ98-SUM(BF98,AX98,AW98,AD98,W98) -> 53 | CE98: =SUM(AX98:BV98) -> 481 | CF98: =SUM(BG98:BV98,AY98:BE98) -> 35 | CG98: =CF98/CE98 -> 0.072765073 | CH98: Memphis
A99: 13-O-6/B | B99: New Bethel | C99: AR | D99: 3SF0044 | E99: St Francis | F99: 984 | G99: 04N/06E/8 | H99: 3873060 | I99: 729580 | J99: 15 | L99: mound and village site | M99: Griffin, Ford | N99: 14688 | O99: map | T99: 0 | U99: 0 | V99: 0 | W99: 0 | Y99: 0 | Z99: 0 | AA99: 0 | AC99: 0 | AD99: 74 | AE99: 13 | AF99: 0 | AG99: 0 | AH99: 0 | AJ99: 0 | AL99: 0 | AM99: 0 | AN99: 0 | AP99: 0 | AQ99: 0 | AR99: 0 | AS99: 0 | AT99: 0 | AV99: 0 | AW99: 0 | AX99: 0 | AY99: 0 | AZ99: 0 | BA99: 0 | BB99: 0 | BC99: 0 | BD99: 0 | BE99: 0 | BF99: 0 | BG99: 0 | BH99: 0 | BI99: 0 | BJ99: 0 | BK99: 0 | BL99: 0 | BM99: 0 | BN99: 0 | BO99: 0 | BR99: 0 | BS99: 0 | BT99: 0 | BV99: 0 | BZ99: =SUM(T99:BY99) -> 87 | CA99: ?? | CB99: Not Graphed | CC99: =SUM(BG99:BV99,AE99:AW99,AY99:BE99,T99:AC99)/BZ99 -> 0.14942529 | CD99: =BZ99-SUM(BF99,AX99,AW99,AD99,W99) -> 13 | CE99: =SUM(AX99:BV99) -> 0 | CF99: =SUM(BG99:BV99,AY99:BE99) -> 0 | CG99: =CF99/CE99 -> #DIV/0! | CH99: Memphis
A100: 13-O-7 | B100: Beck | C100: AR | D100: 3CT0008 | E100: Crittenden | F100: 984 | G100: 04N/07E/32 | H100: 3866850 | I100: 738580 | J100: 15 | L100: Mound group. Plaza arrangement | M100: Phillips, Ford | N100: 14684 | O100: map | T100: 0 | U100: 0 | V100: 0 | W100: 0 | Y100: 0 | Z100: 0 | AA100: 0 | AC100: 0 | AD100: 3 | AE100: 0 | AF100: 0 | AG100: 0 | AH100: 0 | AJ100: 0 | AL100: 0 | AM100: 0 | AN100: 0 | AP100: 0 | AQ100: 0 | AR100: 0 | AS100: 0 | AT100: 0 | AV100: 0 | AW100: 0 | AX100: 84 | AY100: 32 | AZ100: 23 | BA100: 1 | BB100: 0 | BC100: 0 | BD100: 0 | BE100: 0 | BF100: 94 | BG100: 20 | BH100: 0 | BI100: 1 | BJ100: 0 | BK100: 0 | BL100: 2 | BM100: 0 | BN100: 0 | BO100: 0 | BR100: 0 | BS100: 0 | BT100: 0 | BV100: 0 | BZ100: =SUM(T100:BY100) -> 260 | CA100: A | CC100: =SUM(BG100:BV100,AE100:AW100,AY100:BE100,T100:AC100)/BZ100 -> 0.30384615 | CD100: =BZ100-SUM(BF100,AX100,AW100,AD100,W100) -> 79 | CE100: =SUM(AX100:BV100) -> 257 | CF100: =SUM(BG100:BV100,AY100:BE100) -> 79 | CG100: =CF100/CE100 -> 0.307393 | CH100: Memphis
...

Sheet MainfortXY
A1: Site_Name | B1: Latitude | C1: Longitude
A2: Porter | B2: 35.698 | C2: -89.779
A3: 40LA007 | B3: 35.83851 | C3: -89.623299
A4: Hatchie | B4: 35.536257 | C4: -89.869834
A5: Bishop | B5: 35.633 | C5: -89.664
A6: Richardsons_Landing | B6: 35.502 | C6: -89.948
A7: Wilder | B7: 35.453 | C7: -89.973
A8: 40TP026 | B8: 35.496564 | C8: -89.970203
A9: Jones_Bayou | B9: 35.719 | C9: -89.772
A10: 40LA017 | B10: 35.733 | C10: 35.733
A11: Fullen | B11: 35.704 | C11: -89.862
A12: Jeter | B12: 35.269 | C12: -90.062
A13: Rast | B13: 35.391 | C13: -89.993
... A57: Otto Sharpe | B57: 36.484 | C57: -89.379

Sheet Spatial Data
A1: Name | B1: latitude | C1: longitude
A2: Armorel | B2: 35.91 | C2: -89.792
A3: Barton Ranch | B3: 35.377 | C3: -90.389
A4: Beck | B4: 34.916 | C4: -90.156
A5: Bell | B5: 35.529 | C5: -90.115
A6: Belle Meade | B6: 34.921 | C6: -90.392
A7: Berry | B7: 36.045 | C7: -89.755
A8: Big Eddy | B8: 35.12 | C8: -90.696
A9: Bishop | B9: 35.633 | C9: -89.664
A10: Cagle Lake | B10: 36.111 | C10: -89.702
A11: Campbell | B11: 36.04 | C11: -89.794
A12: Carson Lake | B12: 35.597 | C12: -90.047
A13: CastileLndg | B13: 34.977 | C13: -90.678
... A708: Zeebree | B708: 36.495321 | C708: -90.155658

Sheet pfgXY
A1: Assemblage | B1: Northing | C1: Easting | D1: Zone | E1: Latitude | F1: Longitude
A2: 10-P-1 | B2: 3943300 | C2: 767520 | D2: 15 | E2: -90.047131 | F2: 35.597305
A3: 10-P-2 | B3: 3935520 | C3: 761580 | D3: 15 | E3: -90.115135 | F3: 35.528834
A4: 10-P-3 | B4: 3934120 | C4: 760410 | D4: 15 | E4: -90.128473 | F4: 35.516534
A5: 10-P-4 | B5: 3936400 | C5: 762620 | D5: 15 | E5: -90.103393 | F5: 35.536483
A6: 10-Q-1 | B6: 3943700 | C6: 773800 | D6: 15 | E6: -89.977762 | F6: 35.599189
A7: 10-Q-3 | B7: 3940400 | C7: 773550 | D7: 15 | E7: -89.981635 | F7: 35.569545
A8: 11-N-1 | B8: 3906400 | C8: 722250 | D8: 15 | E8: -90.556439 | F8: 35.276098
A9: 11-N-10 | B9: 3904500 | C9: 710900 | D9: 15 | E9: -90.681623 | F9: 35.261436
A10: 11-N-11 | B10: 3910400 | C10: 719500 | D10: 15 | E10: -90.58558 | F10: 35.312741
A11: 11-N-12 | B11: 3924500 | C11: 724720 | D11: 15 | E11: -90.52433 | F11: 35.4386
A12: 11-N-13 | B12: 3909500 | C12: 719950 | D12: 15 | E12: -90.580876 | F12: 35.304534
A13: 11-N-14 | B13: 3918950 | C13: 723125 | D13: 15 | E13: -90.543406 | F13: 35.388962
... A138: Holden_Lake | B138: 3902950 | C138: 734391 | D138: 15 | E138: -90.424055 | F138: 35.242252

Sheet pfg-cpl-mainfortXY
A1: Assemblages | B1: Latitude | C1: Longitude
A2: 40LA007 | B2: =VLOOKUP(A2,MainfortXY!A:C,2,FALSE) -> 35.83851 | C2: =VLOOKUP(A2,MainfortXY!A:C,3,FALSE) -> -89.623299
A3: 40TP026 | B3: =VLOOKUP(A3,MainfortXY!A:C,2,FALSE) -> 35.496564 | C3: =VLOOKUP(A3,MainfortXY!A:C,3,FALSE) -> -89.970203
A4: Barton_Ranch | B4: 35.377167 | C4: -90.389406
A5: Beck | B5: =VLOOKUP(A5,MainfortXY!A:C,2,FALSE) -> 34.916 | C5: =VLOOKUP(A5,MainfortXY!A:C,3,FALSE) -> -90.156
A6: Belle_Meade | B6: =VLOOKUP(A6,MainfortXY!A:C,2,FALSE) -> 34.921 | C6: =VLOOKUP(A6,MainfortXY!A:C,3,FALSE) -> -90.445492
A7: Big_Eddy | B7: =VLOOKUP(A7,MainfortXY!A:C,2,FALSE) -> 35.12 | C7: =VLOOKUP(A7,MainfortXY!A:C,3,FALSE) -> -90.696
A8: Bishop | B8: =VLOOKUP(A8,MainfortXY!A:C,2,FALSE) -> 35.633 | C8: =VLOOKUP(A8,MainfortXY!A:C,3,FALSE) -> -89.664
A9: Carson_Lake | B9: =VLOOKUP(A9,MainfortXY!A:C,2,FALSE) -> 35.597 | C9: =VLOOKUP(A9,MainfortXY!A:C,3,FALSE) -> -90.047
A10: Castile_Landing | B10: =VLOOKUP(A10,MainfortXY!A:C,2,FALSE) -> 34.975773 | C10: =VLOOKUP(A10,MainfortXY!A:C,3,FALSE) -> -90.677659
A11: Cheatham | B11: =VLOOKUP(A11,MainfortXY!A:C,2,FALSE) -> 34.964 | C11: =VLOOKUP(A11,MainfortXY!A:C,3,FALSE) -> -90.176
A12: Chuccalissa | B12: =VLOOKUP(A12,MainfortXY!A:C,2,FALSE) -> 35.055 | C12: =VLOOKUP(A12,MainfortXY!A:C,3,FALSE) -> -90.122
A13: Clay_Hill | B13: =VLOOKUP(A13,MainfortXY!A:C,2,FALSE) -> 34.877 | C13: =VLOOKUP(A13,MainfortXY!A:C,3,FALSE) -> -90.724195
A14: Commerce | B14: =VLOOKUP(A14,MainfortXY!A:C,2,FALSE) -> 34.816084 | C14: =VLOOKUP(A14,MainfortXY!A:C,3,FALSE) -> -90.382255
A15: Connor | B15: =VLOOKUP(A15,MainfortXY!A:C,2,FALSE) -> 34.856804 | C15: =VLOOKUP(A15,MainfortXY!A:C,3,FALSE) -> -90.688664
A16: Cramor_Place | B16: 35.004579 | C16: -90.485663
A17: Cummins | B17: =VLOOKUP(A17,MainfortXY!A:C,2,FALSE) -> 35.617462 | C17: =VLOOKUP(A17,MainfortXY!A:C,3,FALSE) -> -90.633192
A18: Davis | B18: =VLOOKUP(A18,MainfortXY!A:C,2,FALSE) -> 34.863687 | C18: =VLOOKUP(A18,MainfortXY!A:C,3,FALSE) -> -90.514832
A19: Dundee | B19: =VLOOKUP(A19,MainfortXY!A:C,2,FALSE) -> 34.520896 | C19: =VLOOKUP(A19,MainfortXY!A:C,3,FALSE) -> -90.460518
A20: Fortune | B20: =VLOOKUP(A20,MainfortXY!A:C,2,FALSE) -> 35.413527 | C20: =VLOOKUP(A20,MainfortXY!A:C,3,FALSE) -> -90.545688
A21: Fullen | B21: =VLOOKUP(A21,MainfortXY!A:C,2,FALSE) -> 35.704 | C21: =VLOOKUP(A21,MainfortXY!A:C,3,FALSE) -> -89.862
A22: Grant | B22: =VLOOKUP(A22,MainfortXY!A:C,2,FALSE) -> 34.756387 | C22: =VLOOKUP(A22,MainfortXY!A:C,3,FALSE) -> -90.61636
A23: Graves_Lake | B23: =VLOOKUP(A23,MainfortXY!A:C,2,FALSE) -> 35.597 | C23: =VLOOKUP(A23,MainfortXY!A:C,3,FALSE) -> -89.886
A24: Hatchie | B24: =VLOOKUP(A24,MainfortXY!A:C,2,FALSE) -> 35.536257 | C24: =VLOOKUP(A24,MainfortXY!A:C,3,FALSE) -> -89.869834
A25: Holden_Lake | B25: 35.242252 | C25: -90.424055
A26: Hollywood | B26: =VLOOKUP(A26,MainfortXY!A:C,2,FALSE) -> 34.77552 | C26: =VLOOKUP(A26,MainfortXY!A:C,3,FALSE) -> -90.370603
A27: Irby | B27: =VLOOKUP(A27,MainfortXY!A:C,2,FALSE) -> 34.916011 | C27: =VLOOKUP(A27,MainfortXY!A:C,3,FALSE) -> -90.156281
A28: Jeter | B28: =VLOOKUP(A28,MainfortXY!A:C,2,FALSE) -> 35.269 | C28: =VLOOKUP(A28,MainfortXY!A:C,3,FALSE) -> -90.062
A29: Jones_Bayou | B29: =VLOOKUP(A29,MainfortXY!A:C,2,FALSE) -> 35.719 | C29: =VLOOKUP(A29,MainfortXY!A:C,3,FALSE) -> -89.772
A30: Kent_Place | B30: 34.81 | C30: -90.531
A31: Lake_Cormorant | B31: =VLOOKUP(A31,MainfortXY!A:C,2,FALSE) -> 34.91882 | C31: =VLOOKUP(A31,MainfortXY!A:C,3,FALSE) -> -90.19999
A32: Mound_Place | B32: =VLOOKUP(A32,MainfortXY!A:C,2,FALSE) -> 35.079 | C32: =VLOOKUP(A32,MainfortXY!A:C,3,FALSE) -> -90.239
A33: Neeleys_Ferry | B33: =VLOOKUP(A33,MainfortXY!A:C,2,FALSE) -> 35.339786 | C33: =VLOOKUP(A33,MainfortXY!A:C,3,FALSE) -> -90.540991
A34: Nickel | B34: =VLOOKUP(A34,MainfortXY!A:C,2,FALSE) -> 34.961219 | C34: =VLOOKUP(A34,MainfortXY!A:C,3,FALSE) -> -90.542834
A35: Norfolk | B35: =VLOOKUP(A35,MainfortXY!A:C,2,FALSE) -> 34.94801 | C35: =VLOOKUP(A35,MainfortXY!A:C,3,FALSE) -> -90.233142
A36: Notgrass | B36: =VLOOKUP(A36,MainfortXY!A:C,2,FALSE) -> 35.536483 | C36: =VLOOKUP(A36,MainfortXY!A:C,3,FALSE) -> -90.103393
A37: Parchman | B37: =VLOOKUP(A37,MainfortXY!A:C,2,FALSE) -> 34.358595 | C37: =VLOOKUP(A37,MainfortXY!A:C,3,FALSE) -> -90.565707
A38: Parkin | B38: =VLOOKUP(A38,MainfortXY!A:C,2,FALSE) -> 35.276 | C38: =VLOOKUP(A38,MainfortXY!A:C,3,FALSE) -> -90.556
A39: Porter | B39: =VLOOKUP(A39,MainfortXY!A:C,2,FALSE) -> 35.698 | C39: =VLOOKUP(A39,MainfortXY!A:C,3,FALSE) -> -89.779
A40: Pouncey | B40: =VLOOKUP(A40,MainfortXY!A:C,2,FALSE) -> 35.024356 | C40: =VLOOKUP(A40,MainfortXY!A:C,3,FALSE) -> -90.359236
A41: Rast | B41: =VLOOKUP(A41,MainfortXY!A:C,2,FALSE) -> 35.391 | C41: =VLOOKUP(A41,MainfortXY!A:C,3,FALSE) -> -89.993
A42: Richardsons_Landing | B42: =VLOOKUP(A42,MainfortXY!A:C,2,FALSE) -> 35.502 | C42: =VLOOKUP(A42,MainfortXY!A:C,3,FALSE) -> -89.948
... A48: Upper_Nodena | B48: =VLOOKUP(A48,MainfortXY!A:C,2,FALSE) -> 35.599189 | C48: =VLOOKUP(A48,MainfortXY!A:C,3,FALSE) -> -89.977762
A49: Vernon_Paul | B49: 35.335 | C49: -90.524
A50: Wall | B50: =VLOOKUP(A50,MainfortXY!A:C,2,FALSE) -> 34.984278 | C50: =VLOOKUP(A50,MainfortXY!A:C,3,FALSE) -> -90.208977
A51: Walls | B51: =VLOOKUP(A51,MainfortXY!A:C,2,FALSE) -> 34.984278 | C51: =VLOOKUP(A51,MainfortXY!A:C,3,FALSE) -> -90.208977
A52: West_Mounds | B52: =VLOOKUP(A52,MainfortXY!A:C,2,FALSE) -> 34.546011 | C52: =VLOOKUP(A52,MainfortXY!A:C,3,FALSE) -> -90.473069
A53: Wilder | B53: =VLOOKUP(A53,MainfortXY!A:C,2,FALSE) -> 35.453 | C53: =VLOOKUP(A53,MainfortXY!A:C,3,FALSE) -> -89.973
A54: Williamson | B54: 35.305 | C54: -90.581
A55: Woodlyn | B55: =VLOOKUP(A55,MainfortXY!A:C,2,FALSE) -> 34.96 | C55: =VLOOKUP(A55,MainfortXY!A:C,3,FALSE) -> -90.219
A56: Young | B56: =VLOOKUP(A56,MainfortXY!A:C,2,FALSE) -> 35.085 | C56: =VLOOKUP(A56,MainfortXY!A:C,3,FALSE) -> -90.325
